t;true1;true2;true3;true4;prev1;prev2;prev3;prev4
1;0,2105549182978594;0,1895103119556733;0,5294974906843308;0,0975185637237924;0,20117880851807746;0,1980818605695078;0,4941525210869628;0,09231689998995964
2;0,25374682539016113;0,13349380923637574;0,5466117484877506;0,10019083188340404;0,22941075547282175;0,15755947196789954;0,4994767069013217;0,09104821144615124
3;0,17651483145800945;0,056229313587864684;0,4270149625521034;0,05962556157605421;0,23524781874115194;0,10506321146311619;0,4969549139569275;0,09361812942073126
4;0,1940523320463988;0,09080551442525873;0,31088356494946895;0,09170534678995446;0,19003346521903725;0,09173384444315896;0,40548453579582605;0,10111591622247795
5;0,15532458119258793;0,14527499908927632;0,30215544681491807;0,1652002879645304;0,21435539304279472;0,12301128344317169;0,330255968183649;0,13004355393549094
6;0,08951954442677405;0,16990724963946438;0,2974242136434161;0,17800505596297925;0,12589586752355159;0,1388332059932163;0,2870669617078608;0,1686436778952095
7;0,09985624739818942;0,19863253070728182;0,3215773328211041;0,17124191422216997;0,05822371145362136;0,18472590596512797;0,3010745798902312;0,18214284739154563
8;0,20244052299718537;0,21602270872421137;0,2723639119044628;0,20979349730244432;0,1289291984897713;0,20629711829119557;0,32552502219896734;0,14825695348579554
9;0,13392485993996675;0,18350055195516546;0,20174290948081014;0,14324201902792275;0,1590169787479695;0,19929733551435405;0,2286138414023825;0,18011149234458385
10;0,11921204969930647;0,15360793897268735;0,2558234491346481;0,12727065217127198;0,14312937949327056;0,20225678107347697;0,22704805353998134;0,1560718484113638
11;0,1669554955823749;0,14581414045149155;0,4015223748134647;0,15924979675675432;0,13883650854675986;0,16355366768297191;0,32466280707463224;0,1498223913866985
12;0,20493537841011428;0,09187432498684601;0,40886499805362014;0,10980471570527497;0,19760877245853958;0,11510804039047755;0,37756063777180054;0,11432190034682911
13;0,22517057467347817;0,2079987509182878;0,44387774040939215;0,14202110099294635;0,2431231179006549;0,09191839268850689;0,40623715820656914;0,1150993165984286
14;0,22537710265574953;0,12808658738948356;0,22920383317894674;0,10145031903690149;0,22649025829744635;0,14288544476463153;0,37117113139462427;0,09901113558806851
15;0,18405076351914845;0,13028104847710464;0,2498249152147558;0,13128328080554189;0,20483490155532616;0,1392477255412917;0,2622661582752744;0,1127912808321507
16;0,22570337895412507;0,12462044860612985;0,19789544465974984;0,1351926333589461;0,18124932553090978;0,12195668895250071;0,22596633634438104;0,14849832831345838
17;0,39528000589749374;0,1278465453330402;0,35779409979422394;0,16243587313825944;0,2645271463969351;0,14698928092488092;0,2279218124618592;0,15495904578467123
18;0,2784577025664948;0,12034945288042158;0,31390483189428375;0,13765936979627688;0,2831511920339139;0,12370651298624802;0,2936201049984682;0,1527427327931113
19;0,139850582755874;0,1185547706309089;0,2989349857672083;0,1171848031436407;0,23382456500982293;0,13687525490337663;0,3467639405313979;0,14646262969445728
20;0,14739872811065;0,15909592730152447;0,3795750471781079;0,13313859491957442;0,1345846298207152;0,15490644872393958;0,31573419395591823;0,13682271725286804
21;0,17120174339401553;0,15706223600035102;0,31936754353697594;0,12844371779028285;0,14067117277696903;0,14858139411914736;0,3377191123804245;0,11076822554591732
22;0,18236640151910125;0,15639642222414055;0,3510450381793884;0,17953724890116946;0,18803871257684093;0,1487592392119562;0,2860780941640987;0,13657197883680838
23;0,1615428355237812;0,1478649899315387;0,26270200949337325;0,1609571153641205;0,17082938154881264;0,12670406056658862;0,3678617902829015;0,1721828247326715
24;0,21573783607592162;0,15801641648922388;0,2855175857323324;0,13676336870540892;0,18887371526808366;0,1530258962349607;0,2710651385527106;0,13950156074594378
25;0,25219485193312985;0,16266809803849933;0,41253000384535926;0,15243099962397397;0,26310494613933344;0,16432859561187207;0,29162601539021477;0,12957517911610977
26;0,30680212337055957;0,14766597413952265;0,37758921243911137;0,15817903090952512;0,25196356493691;0,1277676365479267;0,3591871933016834;0,12592216596160974
27;0,2953230718514813;0,14678293939808845;0,3626923139982478;0,17544091005987994;0,28579019517356813;0,1170505059557963;0,31977715079173324;0,13602613611198416
28;0,22639675294866804;0,07111761710547841;0,3321975583457282;0,1356090915962907;0,2746813121816016;0,12321271828899312;0,3131116046315119;0,16031880771188003
29;0,2283626675369539;0,07299038489389577;0,3661089363445634;0,14896955979177334;0,24090772869920501;0,09126054832483929;0,37033865785545045;0,17767194212561932
30;0,18078391194051682;0,11835310693072934;0,29850525157318936;0,16025253499534536;0,20398608952806688;0,0885950900134747;0,38188393873881415;0,15745157059017412
31;0,2337067876102796;0,11265265374359909;0,3278857832104101;0,19990973460233524;0,14925321024385843;0,14316241014243317;0,31244838435841277;0,18015915624163512
32;0,18383837863577399;0,14739214097397155;0,40944035694796355;0,1804374967976004;0,2206668194293163;0,11077181908494589;0,327292239986263;0,18989424026569285
33;0,12837672650962423;0,1487362726666803;0,3688303770523387;0,11886134100666078;0,1563357264226696;0,1402966254147261;0,33986342047621276;0,1543472666034959
34;0,14043095242977816;0,11760919039505163;0,3357149476793042;0,11588030980724164;0,13943453230914854;0,15887581032652617;0,36079761127232285;0,11618276364092649
35;0,1024376466402253;0,06262549471185758;0,3113633453372035;0,07618677026335317;0,15613560860920883;0,11491047234933068;0,37382699873511865;0,1454392622410894
36;0,1918594079902217;0,1042222925855204;0,5423325580553022;0,07798420385067135;0,14908358293623997;0,10253778426177829;0,33482826435232277;0,08622510944047307
37;0,19471826857069008;0,04493192204656563;0,3557051703065062;0,04239391277157307;0,20804259558597138;0,10160950112633858;0,3909734568310189;0,07493482776676466
38;0,1535804916214803;0,0026772268664643144;0,24835457254894072;-0,015092008180778391;0,2169071755543435;0,05212331519104641;0,36591752503240715;0,06993781723790328
39;0,1362748299332045;0,014347144946048931;0,45826268501678763;0,03080070783893502;0,16888392371375688;0,05881846775167737;0,2865274683481983;0,04050861846984265
40;0,1970525148585352;0,04373203248901616;0,3694400792002828;0,06828295283238775;0,1731192196678734;0,0366775333325413;0,33336549819150607;0,03734741686583058
41;0,23268412104687447;0,07948090445786246;0,342010882737979;0,10758732974718149;0,2223819596080412;0,031188200137735322;0,3675184174368011;0,08630759938443168
42;0,19471121900361302;0,06038893737867488;0,1826716845941772;0,08005348266478182;0,1968283934486102;0,08576411780816028;0,30879986307100193;0,10355969774768393
43;0,1483418492493792;0,07831718207502802;0,27023664965530975;0,0972085164713834;0,17003065097437242;0,10962318267449714;0,24551586801436878;0,12937765974590174
44;0,15684013684316017;0,08476048834008724;0,29977229375520353;0,10484839521218428;0,1505584245131439;0,09297982577956755;0,3139889663602546;0,10070487478058772
45;0,12385414315313598;0,07701171535664277;0,20339681956430053;0,12087109009359599;0,1453092428595057;0,09010640010980346;0,2532031121304498;0,11056569825642217
46;0,08241235980402452;0,34343728575042015;0,2717908288253437;0,18468394863207066;0,12770529719328771;0,08261752613197522;0,19513055964900922;0,14687032969755356
47;0,15461369323568253;0,2930801985129254;0,23831628974105917;0,10892189779137974;0,1261361004860655;0,1254274302760782;0,24367307855168074;0,14144829860970076
48;0,2240546112007703;0,08501626493412022;0,2950800434359508;0,08169465737629035;0,16305969041531546;0,16350605780060964;0,22634600444451045;0,08827495202940878
49;0,17394849261443368;0,2008105687134056;0,28581627990638864;0,1607177093218882;0,24386972113219324;0,12077061879620714;0,28901452231747615;0,09454224362396647
50;0,2588187525618433;0,10290890711580238;0,15790778396754532;0,10523956224795329;0,18903349599677338;0,1458051042695523;0,2474629687253128;0,11336492643004145
51;0,24041473083010526;0,03241606831175283;0,10250022472073234;0,03548951443777223;0,2388026138706124;0,11640801912954382;0,17895754480364384;0,12106171199469923
52;0,1944587183900531;0,099246585010789;0,235306205905619;0,11919986785712651;0,25845614751315255;0,0929145252183668;0,1768749645309871;0,09710475580491446
53;0,15823926871635186;0,18184165526888152;0,35261229895632457;0,18974798510634083;0,19607343556811765;0,09386585465957582;0,2555222399207489;0,13013050010024638
54;0,17463359814761953;0,20245166083845137;0,39667317817793535;0,2313379575192608;0,13279458974221534;0,13223238124099115;0,28970712841925605;0,1451199537731041
55;0,18471438630678763;0,2145137721112134;0,3942962809647516;0,22040555691696578;0,13082049342037758;0,151542356722741;0,3334685489228038;0,1844093891091117
56;0,14214128218570982;0,23038276716430842;0,384605970718395;0,22705420785240282;0,17554548873489745;0,18869488044721175;0,3568304697067213;0,1753352599824739
57;0,08435368919688757;0,33136011154070394;0,44590371896395714;0,24253961755778594;0,10157635443921896;0,2073827042960871;0,2966637896497512;0,1988322634108073
58;0,1627279853842923;0,18252272760877136;0,24236847510774007;0,21106119556815292;0,10107259175291491;0,23734978667395554;0,32174483691288436;0,18879480589846487
59;0,15841474580047374;0,10810692745410366;0,24567565624348123;0,1446851402567734;0,16295900520809742;0,19924248487728835;0,3112113658863481;0,2236334087817663
60;0,19062890835075072;0,13293893847023638;0,2916192214390345;0,14282852520797182;0,20420934015630202;0,1553130994125491;0,29646119276870725;0,17040437271721803
61;0,3694967213561326;0,17781889225454525;0,29516130847816885;0,16196293647557353;0,22974756921347528;0,14939352531792013;0,3207172143059785;0,1485209640730139
62;0,3071993391419938;0,12500529395912516;0,2652302354255096;0,18551567536167776;0,316915097950332;0,1527248466950101;0,28120348842233156;0,13941259299170286
63;0,0910535432198731;0,13998546757855596;0,3216978382473156;0,1545577883618049;0,2664798077456916;0,1005519328135878;0,23380108576595948;0,1808582491886616
64;0,0824562187408797;0,10362723323369934;0,22577541973119078;0,12308862183009951;0,1954825993289721;0,11884709701832247;0,2578069987108526;0,16993252079184581
65;0,17470046794719823;0,11841815793876843;0,2709166800539986;0,15923304132262828;0,1336912065313025;0,14253645671024848;0,27656232076125814;0,1702139840832221
66;0,198324130225956;0,1587324653558144;0,3589383961866972;0,16776219562148292;0,1894927998919204;0,11947336557428198;0,2912491678018175;0,17215245722253775
67;0,12529349450540275;0,17463371654856344;0,3187439419940669;0,1640641167243316;0,16589178403407068;0,16279409105431425;0,3571882007662747;0,1544336238684528
68;0,10103029816896084;0,15978793098654331;0,2903523010076598;0,1494336899491194;0,10903261693302298;0,18794009420781402;0,3036751408306596;0,16615778675416848
69;0,1139663928379598;0,12650193911524701;0,20259565329479445;0,109378059526924;0,09761027299131031;0,1638391968079804;0,26778802316039124;0,15547809108300212
70;0,14793347507586038;0,1320587259710884;0,1879816993182534;0,1264424865597956;0,15102389291437882;0,15567355961409945;0,2279480819268593;0,14155177423114546
71;0,11447088988578043;0,09186181678646166;0,22273813581111604;0,11094489395172707;0,16315479196900795;0,14301692781750336;0,24093830281791623;0,14726131298608958
72;0,1780525414763873;0,08478211975551041;0,23547759280038028;0,07648987085825555;0,14536327427096327;0,1029577258642222;0,25501018153806376;0,11049013424843919
73;0,1772997663372231;0,06822027043719109;0,15294148983711928;0,07019366429321405;0,2461853985838283;0,11102897662370927;0,26858626151815923;0,08440665559832917
74;0,08803285842801468;0,03410929261473847;0,0913889994380366;0,034586798677906115;0,2013184279219567;0,09842970798378671;0,19784528576534324;0,09816989345222935
75;0,1654470208403966;0,061464950545690025;0,1829385656916015;0,07162826562274195;0,12626301308099883;0,08358562250467268;0,15406490724101832;0,08569883209004762
76;0,17601518171019295;0,05539038349549889;0,12628540470409821;0,07395256266707267;0,2011835586753654;0,05950694451359258;0,21254805839153448;0,07846567532132327
77;0,12890800966239355;0,03688554933216543;0,18288187506938647;0,06677092266512896;0,19036815417730207;0,0901144321902284;0,1673027422625947;0,11382285168145943
78;0,09640214128526833;0,09111658044320373;0,2341355577026916;0,1246087331754494;0,13248932350480325;0,06606883936906634;0,2395613918109274;0,1037350714585468
79;0,18523480509140827;0,11211798346130479;0,20146647066149176;0,1405797260697795;0,06006859401451779;0,10973139314662016;0,2347958943959221;0,1376154664392459
80;0,1990672579773833;0,13754428129336557;0,24448991326317537;0,12043850402779117;0,16649104171143345;0,11680987606960576;0,22856077813338405;0,13269718725640653
81;0,14135172317423156;0,15766167464356196;0,18505751453162056;0,14523408099186952;0,1872768793318274;0,1490544875961944;0,21713231523236767;0,09712993998657446
82;0,11460697300909542;0,1432603938481668;0,1350207655489978;0,1225326109383026;0,13792698668564216;0,1435480530297456;0,1725440736085031;0,14781022708981076
83;0,1549201342867948;0,2798874283049868;0,22977894928741485;0,21286794501278972;0,1247372743045827;0,17029542694671887;0,194854014058818;0,13367085957266267
84;0,17983188762964247;0,2140873501484096;0,26485538255550034;0,11298405802509974;0,15886812001260536;0,2039176132311968;0,17953295281840828;0,12221211695369098
85;0,1755370401156236;0,1712988603647729;0,19307358021153442;0,10278442917161984;0,22657713530991036;0,2029014602462359;0,2790790467735964;0,0998759525054041
86;0,12671951700698011;0,1025470474363288;0,14983154671728388;0,06425577635097858;0,18512749162163708;0,1808290437016617;0,2016578547000346;0,11946625835880545
87;0,10208793983184271;0,03969486671745039;0,13931552058020036;0,02383505809135254;0,13741009216747002;0,130545266873198;0,19069460218914888;0,10438360067667035
88;0,17591622085571226;0,07100680432589244;0,22170710776708896;0,0632287293569263;0,150921693057147;0,09819324614416869;0,2104483124088455;0,08905474322269118
89;0,29264822906562155;0,08240914318510441;0,2602680163310674;0,09036897953567001;0,21674874711128195;0,0873843375245002;0,27271919313045345;0,08669745183023586
90;0,29300394426619913;0,08865499472955604;0,21436560792854223;0,09123764079318794;0,28013200916677905;0,08299813018932704;0,2712118257568652;0,09919015705981703
91;0,1915794953188976;0,1272861152546155;0,21602723003785262;0,12664994919382416;0,24732045338006708;0,1269216619593963;0,22480591985602086;0,11589389825837107
92;0,17418964483537097;0,11940448433495239;0,23772728716515462;0,1149346813695331;0,15714785327053132;0,13307467024221692;0,2289289721603687;0,13091410686940522
93;0,14563383364923338;0,15228443472448733;0,24210275930208627;0,13600901618870426;0,1724045661766695;0,12437746354459375;0,2298204900274465;0,1098990189324034
94;0,20070527961697784;0,18631730610711045;0,19457191295689;0,2006525661934922;0,12620802129567454;0,14431489716144386;0,2139631093535348;0,13211236146503416
95;0,23760038860069288;0,10023518981087731;0,33615352603049403;0,12264014034342492;0,187281768882707;0,1535687796710707;0,21766995008457413;0,1722649969195197
96;0,22122134531738555;0,038836046550913994;0,24604803598998082;0,07903634381769745;0,23433520274186614;0,12031076609760437;0,28357608321229943;0,12281663917603035
97;0,2464348174530779;0,052321337198979294;0,5047664878945849;0,10601336373063032;0,27027089656915937;0,07649471732514349;0,30232543323362293;0,12391165194517978
98;0,3375145237912119;0,06022055289834274;0,3871228664435648;0,12981219447056985;0,25639213189385635;0,05635671097546004;0,3415795146693952;0,10005163559853597
99;0,241786759899814;0,09320980197857824;0,2702868364728379;0,13096432709573402;0,30620784193699996;0,026332691261351085;0,33322147614270264;0,10426759549755499
100;0,23242653301411426;0,1159643475555925;0,3098582731469302;0,16472123440850422;0,2453637467376522;0,07555702999816982;0,2650308986024938;0,12246088800279772
101;0,12031928709302246;0,08767521158966984;0,24164783270159643;0,1377331272272284;0,22081960541446138;0,10541507447551211;0,2995626690856151;0,16194779575708243
102;0,14236953395195157;0,13941979086091089;0,2867408739488905;0,21962563067183996;0,12040013090016624;0,11731281699840812;0,27266358966318266;0,1717948555435051
103;0,08242176905517037;0,1572257848952214;0,24746093948229164;0,18102926364368993;0,11890891956912233;0,13207675797394533;0,2711031164659071;0,22319404777942664
104;0,09375220793061692;0,1817230571527313;0,24455537282669712;0,1551075348171372;0,09194286333835791;0,18636706847655304;0,2687759463342126;0,17863687269034959
105;0,03914261043798379;0,21609379705823883;0,20127146564952464;0,174460826138712;0,09993045725725494;0,20142522714248143;0,2209829575550841;0,15033907531344584
106;0,10687334474953958;0,16585888441689667;0,15524323562000178;0,17932799072065314;0,040528205444591306;0,20894559948172256;0,18369714870000148;0,17664020409894088
107;0,06549452587568534;0,1582762593266514;0,2703430847707302;0,15174953961001672;0,14683507854201022;0,1656850494844163;0,2234691891901091;0,19737379131253038
108;0,1089276416267744;0,18743800560961554;0,283663893857986;0,1912862946654031;0,11419405674652484;0,16319856584639564;0,27859843535819956;0,13888486699745312
109;0,1600403984782913;0,18823629452203514;0,3500153331551496;0,22066691251571108;0,15071499167186014;0,16755276664905794;0,26089955573582707;0,1840413066947268
110;0,14455109155796894;0,17442142049184592;0,2971922771763021;0,2152744275094659;0,16705613396606842;0,14495485973276862;0,3118993013861721;0,18255134141897394
111;0,11764482620000169;0,1837200541412639;0,24977099137407288;0,2091337104822506;0,12248943922135486;0,15532821602800473;0,23686753440382188;0,1995693238889246
112;0,12441405160364907;0,1550266340930583;0,2529273741983366;0,169973510041554;0,12917408341189326;0,1882160097830654;0,23469700511507477;0,20041077695618525
113;0,22469507478959302;0,15370901030932793;0,31492588768574603;0,1918401588328947;0,1646565925025113;0,1658294238294749;0,30927619966629827;0,19268761671073098
114;0,312049858765562;0,22874685172202172;0,3584958100587997;0,35736590256967316;0,23085047075328047;0,14716013381588225;0,3205150487982753;0,19632669776851067
115;0,14211952924352036;0,24355696563157864;0,38510723514007483;0,4810847940365081;0,20852229952663845;0,16403558186690553;0,3055552600951767;0,24468214561778676
116;0,057148126162186015;0,19608469674038972;0,2308973724747944;0,20130941528929847;0,17249466006025255;0,16274274814072173;0,30354497921743817;0,2713824375175985
117;0,1234166912721208;0,18819136340982903;0,21349801590896694;0,1998364890455227;0,10463998786163736;0,2042672428874252;0,24289716190267943;0,23939406608059052
118;0,10697119003252971;0,11594989380213803;0,22270304810702354;0,15251232234172396;0,15294574451970894;0,20600073070425068;0,22660541722083524;0,20199059071320263
119;0,021372212506630635;0,1103331443030195;0,2588007748769972;0,17837266049653697;0,1479845029991725;0,15109327558536428;0,3057661964196706;0,19622305304207752
120;0,16799021533588185;0,1747151572324345;0,28818099080785015;0,22803667639738281;0,08637640022578048;0,13407399005126328;0,28463672304554155;0,18007186408271328
121;0,2556694423635721;0,17929294206164662;0,320243398079287;0,22675947930057047;0,21686553292896896;0,15270007391262563;0,26574008885841033;0,1994292254567903
122;0,19098421038380023;0,15609800524268486;0,34808195322243984;0,20475862421438454;0,25801637015703094;0,1461352399054097;0,29473236525069996;0,19180459426773308
123;0,20089967172148165;0,13056014276158592;0,2949204381502957;0,20844257465090907;0,15782822174159145;0,13175732875956384;0,3022600293223294;0,18360828796379375
124;0,2333419696525738;0,08844441792280182;0,2204382593045396;0,1954894419396123;0,22595887152452265;0,11824441609638242;0,26938030212947306;0,21620186053041046
125;0,15882429315632005;0,13160422775541455;0,2795109333786277;0,20429282886257247;0,2555760627567707;0,11239536196405224;0,2568225766811101;0,23249696723230465
126;0,04142747280076689;0,11234070564488356;0,2672895740466509;0,17566128723082408;0,15221520174785225;0,14231896628425028;0,28696185556167425;0,21431179066507167
127;0,07170319978038069;0,16150672441837438;0,2548943721133201;0,21538521138388803;0,04706361364430109;0,1569955754478029;0,30099054581584406;0,21124083001722938
128;0,12121020883600808;0,1585096335899698;0,29525876362991893;0,2086465584842565;0,0975621836654873;0,1756386936967037;0,2494798722589939;0,21719139661993664
129;0,1240503084099737;0,13224988623117231;0,31605013699972767;0,20455121151532818;0,1262861880772762;0,14949457640015115;0,2826963907245228;0,19974997842969688
130;0,09832763933297743;0,16306568162045212;0,346166236662105;0,24278222830187016;0,13254436473584855;0,11283992687195131;0,3117410062746326;0,20347887306155343
131;0,15040042636406717;0,18213508819783367;0,35166302674216865;0,20954246262014653;0,09848555435389855;0,14378367991644997;0,34137296765794173;0,22038339446793084
132;0,2975276337080518;0,1908396074849115;0,34789042094904055;0,24920650169937236;0,18495761226048213;0,17752086587738716;0,3298782741551472;0,16292859480940114
133;0,32367519552381485;0,2017902154367088;0,3573004418827402;0,29032951756041103;0,28885076760242684;0,15968812746665617;0,31654765236740007;0,19514967259823834
134;0,3962335160350569;0,2206464533505558;0,3449391562087934;0,3024545829584514;0,28594692425398716;0,1440706651254461;0,2910564447163288;0,23217405815177672
135;0,3079954935454737;0,21434131614770574;0,33722692436091267;0,2673468077570098;0,3141881981106409;0,1517317325066156;0,2586519624074458;0,23338595742636425
136;0,19137474940810134;0,16064556894777104;0,2742606366116398;0,19146388192593133;0,27944957076671895;0,18601629601640318;0,29084742034486244;0,23230488921226727
137;0,1511501305448868;0,14144798430068728;0,22865104390830268;0,1941074469744272;0,20228971906262347;0,1913141616157681;0,3158795501925954;0,23043755875639851
138;0,0995234946435527;0,13567200875986377;0,1759093619360885;0,17442351205856294;0,1463472155414222;0,17850769882087703;0,268764377420026;0,23881605723606086
139;0,059811766891323746;0,11088952513187622;0,20166085008064308;0,14961922851738974;0,09604119272809726;0,1996864637412548;0,24050302776153915;0,22497681155287905
140;0,07168923604131817;0,13652481763287572;0,18577249969687148;0,1696067839360196;0,09777553925922305;0,16587377180835738;0,27366893421999744;0,19669459743424242
141;0,06502851962422272;0,16480839823538904;0,16263055305157326;0,17524267063163482;0,07478523789171912;0,1705545080160074;0,18075328149879508;0,19673706461933307
142;0,053011973548696904;0,144557490243849;0,13918143428732158;0,16280203102228893;0,08495256366218223;0,1781673043863768;0,17541407881134324;0,17502342496955017
143;0,04727936798639431;0,15199290091373555;0,19017439888653243;0,18343483199397018;0,07642069997286535;0,149735317791312;0,20544140770027278;0,1885826127521155
144;-0,0027956427480764845;0,199768559858121;0,22380864387721494;0,2187010544041643;0,07219482158297862;0,15834241063170668;0,19812003726482183;0,16360325615136767
145;0,03002238199429229;0,18531492826267823;0,2311642073018105;0,22730788409336866;0,06957308419544805;0,17397555955663144;0,20974873410277195;0,18752280364373528
146;0,03692134810262395;0,19123231407392738;0,24200776969540702;0,2246669882402533;0,0441609684785888;0,1552195077836813;0,21272829593177064;0,21235572806393993
147;0,032293347546178526;0,17592728982802547;0,20030938403358048;0,19611897172644108;0,041867707727805445;0,17856571989031395;0,2089847725578339;0,19454089086814502
148;-0,008812608209391785;0,16866436127283008;0,19430740416361633;0,20200950394936099;0,06557188476208665;0,17655759196588577;0,2001362020677925;0,20672335246354037
149;0,042012115395700815;0,13179896740982366;0,14958105268397312;0,16334667183713478;0,020610853963396007;0,18119834882503974;0,231841398602311;0,22979441675529527
150;0,12366883920310598;0,16070980224619516;0,18360823324440156;0,3085757457174263;0,07850224923336845;0,17692485838429461;0,21404986531640358;0,20811659161324741
151;0,05160119249852051;0,20512428634369567;0,20234394138438758;0,23850017435691417;0,08293320305854443;0,1650283570788266;0,20728412012925335;0,2621123020188203
152;-0,061677288856538934;0,3005126757702909;0,25711577862029467;0,3203634619145202;0,06302408735342062;0,22458160378053604;0,22064734587526974;0,22489251355266876
153;-0,02367641600114466;0,35925749300866144;0,31108300261639343;0,33981589093728803;0,0032481323160447814;0,23672447985987355;0,18658058446092957;0,2432438097188642
154;0,14298815448161084;0,3891593087097648;0,3822438412317955;0,39178286427855435;0,005802727557619229;0,25896362226454267;0,20907477838802693;0,25333314780478844
155;0,26722060915269286;0,3180310821217399;0,3269611758759391;0,30264775813306133;0,08354611748221139;0,25907993501105686;0,27635683427097274;0,2643559222341104
156;0,1211818259411414;0,11253664738057616;0,12089955933846268;0,10489238797409255;0,19648170226848916;0,2576190845437924;0,279569317414068;0,2340630052758956
157;0,1544422216636586;0,13843575584284354;0,1858068150135993;0,1470971448137631;0,2237498863489287;0,23276569234791683;0,26633078582757447;0,2124552624200097
158;0,18363785045396555;0,04725582996854531;0,08409964818093908;0,057149378615561554;0,1877989762992096;0,18611257103206827;0,2468994971535211;0,1942603464662962
159;0,13930040613253936;0,05258167495577358;0,10600804436413248;0,08482767468913574;0,19278898203795194;0,15662450128603095;0,20440211405732858;0,16748435477278908
160;0,13605186114487738;0,0640136198767197;0,13431013067271913;0,11391306123672067;0,18235216350468733;0,12675829235244135;0,1920684670126423;0,16141863894765637
161;0,1319288383915688;0,09746733388026028;0,13704746360415757;0,10813572737524711;0,16323715511397982;0,10619413539276487;0,21230518328742543;0,17285325094534917
162;0,07409219234111022;0,04468589499272675;0,09762704557885711;0,05679198351902348;0,14098944083434456;0,1444933268594327;0,19053821689201608;0,14630779165023694
163;0,06492828692103253;0,06773618390634001;0,09751914959599951;0,07447590906719669;0,09207505897703136;0,13383390745428358;0,2049273261557112;0,13688322307153744
164;0,06559899210524335;0,06486743549680678;0,09094579906385424;0,0673122704280825;0,0963935669298551;0,1294438665504794;0,18248649396911193;0,12758187888826794
165;0,07912484762267284;0,10422176432454869;0,11989757517850191;0,11004865583262553;0,07947006366485468;0,11643267946673898;0,13062519371405146;0,11165373444976248
166;0,09000047455256649;0,09278226080964976;0,09030994433015517;0,09581279963675375;0,10030242180699878;0,10226068191060347;0,13801098866016556;0,12116163489688092
167;0,08940488332362226;0,084204553217249;0,10453281128243887;0,09269123370215115;0,11898642575752993;0,11822121576768128;0,15501045006845132;0,11089034240895365
168;0,1017205141491245;0,0746250576658125;0,1023906125568251;0,08663677800898364;0,1204447174305456;0,09641717501440247;0,13911022027108821;0,0985534820999703
169;0,10432718812774713;0,09366798506267544;0,13857711117082577;0,11105935526979112;0,15735424710720056;0,09022754505589556;0,1384672399901886;0,10324310366576121
170;0,1396048049065264;0,1501736184083947;0,1906367777860156;0,16114104573549598;0,09731517375200276;0,08888468117200397;0,14897870785707204;0,10706997197008719
171;0,11603861405044966;0,12493455051097241;0,17600864524478588;0,13724855363277072;0,13585127962882593;0,11125515215917163;0,13970068943081085;0,120941916731696
172;0,09317003504873063;0,08559714609695729;0,1467847983333223;0,10562615538541646;0,11858313399522989;0,11370890616718526;0,1856741691182702;0,1361103120925215
173;0,06345793419064687;0,10026739824901629;0,16976065179486424;0,13302449338274294;0,12141853753054815;0,11436411999697035;0,1996991797792548;0,1448685934599218
174;0,09451128210246633;0,15403422324644395;0,1996662143561958;0,1653629650333031;0,055438195864614875;0,1215137242838311;0,19388965748682763;0,1597517343422225
175;0,10423821144797857;0,13962617025063592;0,18163517504570162;0,14231996025812352;0,09857155294832566;0,17167197819073868;0,21021490782866495;0,1539917549832464
176;0,11223444016327325;0,1454758970882093;0,17308619260949923;0,14685007305537945;0,12437241388588054;0,14680541015757267;0,21532707220307976;0,1613725989988636
177;0,11834613480304632;0,15106108164701418;0,16486701521716757;0,14470692823492826;0,09974858707333395;0,17017776167490348;0,14863519758293955;0,15136961904255758
178;0,14241114016337944;0,20405286122145444;0,2083260853802692;0,20995009819433325;0,14723483112375366;0,13755306785201682;0,1958711431832955;0,14650036604817643
179;0,19284243237577015;0,27262866524655;0,30220775915310927;0,29734444899531826;0,13938645708366637;0,17095878098049103;0,20987082700574344;0,17787665399640212
180;0,1473116049365421;0,21420214447474797;0,2778930127802155;0,24376887718252105;0,1788700693870473;0,17911596329545715;0,22358508695408094;0,18455924996623727
181;0,19757450428005197;0,20325446557538215;0,2613781208114634;0,22521330436592027;0,17566439000189907;0,17948633124754396;0,25418109226133795;0,21310789865441152
182;0,23002094312126817;0,20609853055924982;0,2656627667877524;0,24996313586275248;0,20959435996868217;0,19250613963706195;0,2411380529511981;0,20085321505443252
183;0,21260016047709382;0,2581868763485843;0,29362783303225404;0,2845676474816927;0,2112459195700867;0,1638700635413821;0,21900991045905052;0,23246988851506215
184;0,265455661994004;0,28081164903892375;0,29638478652383815;0,30110725097734115;0,1968214123897412;0,21009213367414842;0,23583973972751637;0,2382528539233006
185;0,3214377929613915;0,3599202789886841;0,36820944624636853;0,3809060442078193;0,2531909925684112;0,23529610130863823;0,26716643461519285;0,26910117097695174
186;0,30718608600638103;0,3608032396457201;0,3913579834487305;0,370021240943711;0,24583100988334092;0,2621537660190767;0,2758757897150806;0,29250523854257043
187;0,29932156731520376;0,36243456839885085;0,4073664641545337;0,3666986240973557;0,23201052941406314;0,29621248991451293;0,3172220753808006;0,3022013921502537
188;0,1280721624268738;0,2776954485028703;0,3219532926530842;0,2750879665230764;0,25706562929186083;0,30673373454693525;0,348456736796397;0,3075064961229765
189;0,11542449608299361;0,20846228607923387;0,21506275335557531;0,2022987601433374;0,13000702683292964;0,3006998771720016;0,2999281161812673;0,29429402241010627
190;0,16739118264394318;0,2463677092847597;0,2571946427863334;0,2570326968435351;0,1530606257472037;0,2637046671811933;0,2816094833875756;0,26366633433042946
191;0,22372339960740328;0,2727396213301733;0,2868275334323622;0,2760814946383862;0,1926421384804353;0,24318060621484483;0,29147246003019434;0,2637460635460064
192;0,2256575692172798;0,24124940158730387;0,29185580607495004;0,25317328149509066;0,24480322501703583;0,26388426358501005;0,2641422360061793;0,23558214002122438
193;0,26477504379143924;0,2473901418343243;0,27925290283887455;0,2710254528461721;0,24886394597665967;0,21519841606692144;0,30658505128280944;0,25153248714841986
194;0,24407320141355526;0,25674402040438316;0,28836350560955326;0,27732828190621145;0,25540235871141975;0,24013728157160014;0,23888674182139855;0,25118504457820795
195;0,2837030841862932;0,2901051196771852;0,3030433128527095;0,31236381897190124;0,2104646273066085;0,21888694767922842;0,2598094945794919;0,25202820773526735
196;0,2722240623201426;0,2956400838523751;0,31041234451390143;0,32355461900349697;0,26183009558681586;0,24520036519508678;0,2488021356071708;0,27110904809208985
197;0,2990848365180118;0,3066369090968391;0,36387146047929486;0,3423532384635415;0,2545900972124225;0,2610285287449338;0,29377247266418877;0,3063762232261713
198;0,37384372669918503;0,33133588909991857;0,3827039053061491;0,34927582872371765;0,26676905325237515;0,2739375168907381;0,33181826542746407;0,3111848335685015
199;0,33371373497053597;0,3879171009235914;0,41486547326619483;0,37845839801099235;0,2993564397570858;0,300893748999986;0,3445648821857689;0,31106094094871345
200;0,3129527453359276;0,37870642773744817;0,39919618730725254;0,36230293887325915;0,27902264531244325;0,3333193862487716;0,35031716028588256;0,31669744891112306
201;0,26527944506536627;0,3589082906154186;0,3508460963130154;0,3402211972685819;0,2575067997886361;0,3422819032871493;0,3174080957916595;0,32376008916781407
202;0,23446139886926573;0,3074298622248026;0,32240310744525363;0,3148828902919871;0,25001104779222394;0,3302090771134027;0,33169189072118327;0,3220845856851546
203;0,29661892020716846;0,33377929883629504;0,36203092189694286;0,3492078372260639;0,22651699300963948;0,2957074185016449;0,3544734195145295;0,32087905628195434
204;0,2751553854050165;0,285025178483291;0,3108228889674001;0,29402419046283623;0,30645175601095787;0,3057234285659801;0,32284152850315045;0,29757144586059714
205;0,21112038450155649;0,22453534191064556;0,28298935971263406;0,2480080218828531;0,2784470293355551;0,2742630446918205;0,3213882948557178;0,29742351813701556
206;0,19770609013756185;0,19659485912767694;0,23481939089357853;0,19142052619278366;0,21345237641976356;0,2463809967640538;0,30182521786770333;0,2675464457031338
207;0,18374318799624678;0,18794927389413016;0,24520357996339923;0,19405386766012156;0,2058379979997917;0,2283664942426561;0,2592503150588465;0,21826570659051997
208;0,15964546565054794;0,1464835713529067;0,1997370712964849;0,14961366128353465;0,19235576117353423;0,19277056076712487;0,2678834528564946;0,2176988517200876
209;0,14486777099927012;0,1534014441746745;0,20124066320215117;0,16851431368743477;0,18864854514226706;0,1955242752204511;0,2666069538144267;0,20413830776224184
210;0,09997902133941505;0,1571314759701507;0,19058774115911134;0,14798907853672308;0,13915916724458993;0,18529366557434332;0,23605434229533775;0,20818644928187185
211;0,11490913943039185;0,2055556278296067;0,21654192103677977;0,18652051473582076;0,09623321767982002;0,2096261991273691;0,2462715372988978;0,17884217834306634
212;0,17919246531787836;0,2683647530969711;0,2640101370161773;0,23613473888194694;0,1321656951922388;0,2082478497843646;0,2202669611382771;0,1919177642264925
213;0,1629261378221558;0,2659287845066152;0,25570126121062364;0,24009667897919454;0,15028856246749492;0,240110139422603;0,20009968020575875;0,19596243585603537
214;0,17081858081958554;0,30731904723991155;0,26197162790798373;0,2597243627621183;0,1606492557559394;0,2225427870013812;0,2390230591509503;0,22041827779867731
215;0,15237936679015876;0,24316940629633957;0,23026041928222768;0,2112005016358759;0,1654856958358531;0,2748215236651716;0,25331795526922274;0,21911986668178932
216;0,13737494715169266;0,1934644138027362;0,18899071997467182;0,18589825620704184;0,18025422383489956;0,23069551235720553;0,2456887351440281;0,2060723785876155
217;0,1754985475224187;0,17250187125874952;0,20991784430649618;0,17255133988328433;0,17419886348832903;0,20748556914174252;0,22337915454080415;0,20744806728290072
218;0,16261539595932703;0,16189978478855355;0,2148456992288876;0,1645267274091915;0,2012777178265729;0,17719961266023476;0,2383109880580536;0,1760191625545992
219;0,13943781077489215;0,13474021933109048;0,17694180269650758;0,13505407956674928;0,1414300803323798;0,16116289110774457;0,20325667914893752;0,1694489483718645
220;0,12762409535132618;0,11817115079778964;0,17382553114166396;0,1329467420550847;0,17013570917032708;0,154216003557076;0,20635387926167165;0,1530720284389744
221;0,16301198590955937;0,18063312608995927;0,2491208894003716;0,21116997997903422;0,1393012325134886;0,13676083205222336;0,22273354926449807;0,1769197856699157
222;0,20377613033142294;0,17100847503778607;0,23108617720053348;0,20683410309576888;0,15509362863605886;0,17150748249721304;0,23059304441211004;0,1968779945742115
223;0,17686398525318311;0,18741384280149612;0,24864610059517278;0,20249402353636306;0,2012503223851502;0,17496695980198654;0,24757224343362047;0,21288298174487164
224;0,182397942765361;0,22033628128301552;0,28837558191849005;0,24142868793431882;0,15356532511779797;0,20573773954699767;0,26119252274550453;0,19013296285631587
225;0,17588023018750437;0,27339999252945396;0,29527931030550203;0,24366430922967025;0,15602428981454602;0,18837394141942113;0,23164449869388729;0,22432538671197794
226;0,19347809140162647;0,36301285075104817;0,32675748232953133;0,2853672964806325;0,16807521289125554;0,23438522089850236;0,25435495294690247;0,20329316371102898
227;0,2884647231292276;0,4414310484667134;0,48250707176102703;0,38286644152163546;0,17478519301867293;0,27565515044405087;0,27977460086927447;0,20915194224970993
228;0,3674201472388581;0,3596773136570431;0,4151131275568265;0,35783687366290734;0,21788576881742894;0,273267226794842;0,2962864600395522;0,1989401756884663
229;0,3242244921242973;0,2841524885132022;0,3346340973504444;0,27227820931282765;0,2842609763473417;0,25884861158739236;0,3075150526121396;0,2179052716749602
230;0,3173588174764695;0,26089520313593884;0,3684534439702912;0,27056603804227625;0,30570292656404763;0,24085171253986748;0,2874727720124563;0,24642877398641466
231;0,34204923389821656;0,2127350955839109;0,28593971365175913;0,19585014158910216;0,27906456850812006;0,21776541923880996;0,32613476157293053;0,23509272907141543
232;0,4258450424911992;0,24636629411254918;0,3436706411745027;0,2408985869167998;0,3417268986103362;0,23203690663652865;0,2895382349788933;0,21072550523667583
233;0,46212598892381834;0,30707360461809247;0,39785586184126465;0,30813694188191826;0,3958720993773035;0,21851454260345146;0,33688765770414697;0,23241989039594868
234;0,29681962940470435;0,27223731205847285;0,32517387118892643;0,2517987431871731;0,3769619468477572;0,2520447474360066;0,3268615054311296;0,25457216353331313
235;0,23824508977088163;0,24363313876943068;0,3446302706724264;0,2341358970207484;0,2308700438401608;0,2868011536386869;0,3245601821320515;0,257990709548279
236;0,3095845959401658;0,2669760485366613;0,35400005362254233;0,27268031196880876;0,23452245792394658;0,2422777246258;0,3727814203962069;0,23907954628893152
237;0,3652896889250039;0,1601438077605537;0,31641045455929145;0,2025339199959198;0,2669413709967144;0,2506271661267825;0,2845177631464471;0,24829221412690491
238;0,3918238651045161;0,21961695744861648;0,31455534554368825;0,20727425278262715;0,3055768314476095;0,2028702003615796;0,3169877554208654;0,23880984713678344
239;0,38190712843090135;0,2974150822973733;0,357552440302269;0,2969520359587418;0,36376420448231106;0,22446859517766748;0,33839965741325506;0,20153180064192464
240;0,2908476820270484;0,23334484548310777;0,2856261360996526;0,1789017550108877;0,3437510760134196;0,23128636033748917;0,29700590886803746;0,21334155373415956
241;0,4005644695580367;0,2021159364180397;0,28955154116086457;0,1676501583398493;0,2915236407600725;0,24981373045495464;0,3051876597657781;0,17659926326344538
242;0,3399931878616812;0,19577352793846337;0,26742183965464505;0,1525754714802288;0,3649130169591793;0,20579274451901672;0,2934583009943395;0,170023860958901
243;0,2600610787652469;0,19881173354789128;0,28683895241019325;0,17441275181750485;0,2866362883056632;0,19999180258182417;0,24816627669093733;0,15446378907701272
244;0,23803409446680354;0,18954043524747002;0,2696669466527161;0,17357712095494435;0,23963526846069555;0,17873293139392363;0,280728394486014;0,1808002740599174
245;0,25816329235180874;0,21862965570829015;0,27387222382820825;0,19599794912971477;0,23921972252814105;0,2069685731128112;0,28128979284347366;0,18626057186221312
246;0,29236581587875354;0,22861782689414073;0,30363603982160325;0,20520723361109824;0,2427919921531094;0,22243898731123288;0,26140652063681646;0,19951447952014081
247;0,24992691579630794;0,22739289059974518;0,31905330364547074;0,20649882865054786;0,2644257205773286;0,22338961688250264;0,31974263653978047;0,19938091070522754
248;0,29590571588891185;0,24374090792916198;0,34774460623141434;0,2191023581366049;0,2141048025551111;0,22697415642978286;0,31403720964968523;0,2042562263063655
249;0,27671254420610686;0,22663029116268996;0,2903919344468042;0,1858019050486589;0,2691748849789817;0,22585103239110632;0,29179172753028626;0,19122631985935182
250;0,25524796876981154;0,21338867598886976;0,2869056397635441;0,1897504687058845;0,2643924920740256;0,2209965902251603;0,2893988770322849;0,18620939488465002
251;0,19547417275177262;0,20464653063983385;0,2720006489655662;0,19486194865863896;0,24098919237421937;0,20802787897639113;0,3103838340461331;0,19528756984527215
252;0,2392696332227829;0,23961927338834457;0,28584395705405424;0,2076515943295671;0,1920864784297204;0,20697191704313703;0,2606920147045936;0,18046326749460148
253;0,28049971570450877;0,2235067281550221;0,29710514363674917;0,21439457245477092;0,2773172347335518;0,21782115582961356;0,2768759879058806;0,18286944027171745
254;0,28618913500593285;0,22962911317930323;0,2915583546192418;0,20037639612008648;0,2675795789359703;0,18900641550529856;0,2729539225034698;0,20468314532378826
255;0,2950803601567673;0,21374698446215332;0,3058131321134072;0,18561120691456512;0,25742465421650595;0,22548728823853323;0,2563374741279065;0,17026705327649816
256;0,3461210155302209;0,2509147908844291;0,34843230334293274;0,2476635965328106;0,29827782916288414;0,18600491239343311;0,3023417990659638;0,18399909653498547
257;0,3890115300098981;0,28406600258810255;0,39491958726689297;0,3108306288259366;0,3168369858166226;0,21590414908835515;0,3095507535195402;0,22427381785080278
258;0,4482829418984602;0,3649165497667242;0,4806002110465443;0,4112609727760561;0,3188571098566002;0,22562083504780686;0,3226642749022771;0,2546352873419967
259;0,33423127012719894;0,32931712479378883;0,41664577228358457;0,30068509113751274;0,2957367622639977;0,24591651678012041;0,3431372143570848;0,28147431016415053
260;0,3058416568615444;0,30078350351058697;0,3824154058011047;0,26586020605788735;0,2849823894489924;0,29317901935418783;0,3662873513334547;0,2516999813334808
261;0,24213943896128703;0,30086927288813065;0,32404248198784574;0,27618337384738084;0,27300610193274;0,28355182153027814;0,32527738587514676;0,24870784053558015
262;0,22683897322854207;0,28540200754138173;0,30450141343898524;0,2535566118237366;0,20227918520435345;0,28086780112637144;0,29362840889617403;0,27711804388585354
263;0,20454892240019792;0,224214732190563;0,28222597883476325;0,2222825291628025;0,2452322441714378;0,29138593351152325;0,33932543209918553;0,23832236599335369
264;0,20302109637963273;0,22472442100021975;0,2873589914636533;0,2157449672225662;0,2197849476490113;0,231135320788265;0,30080458916935826;0,22726071188987723
265;0,23479683368419732;0,25574829389075165;0,3117021771472805;0,24503214311982205;0,2287025421582084;0,22977177678023197;0,30005768263249916;0,21503397315859227
266;0,24575746283097477;0,272494771946872;0,3177997125672175;0,2576353465544397;0,2300038803434918;0,23134704307578943;0,27305982959416264;0,22431002366096997
267;0,22794489315268604;0,2676843077598126;0,30172939447839336;0,25693980327064536;0,21599974930554094;0,24188260264135572;0,2700034886941692;0,2270806185505474
268;0,20429411943095424;0,22038086808728888;0,2525427006880387;0,21607696075048513;0,2280349544078213;0,24304431637259705;0,2781590541979764;0,2470541610286252
269;0,2480590244628496;0,2709110113650488;0,30789386436464994;0,267816080682614;0,20889766654133418;0,24219213593390726;0,2863521422658463;0,24353110830732327
270;0,22287703098730957;0,28607032472196325;0,31563325891887983;0,2689962739270923;0,24013858507829217;0,2595928550934576;0,28853832437158267;0,2530320351614851
271;0,18571422930584577;0,31723126865170975;0,34120530576062474;0,28894385887431695;0,1680796383810705;0,28874125961478175;0,3161724121036241;0,2635315171892266
272;0,1841762876553121;0,40811067027248205;0,4205586100145553;0,3646255583327432;0,17710148420444036;0,30290115177111715;0,3234295911413542;0,26801289602080275
273;0,21606772457152668;0,4229618320235048;0,42659741540988433;0,37286672393976494;0,14415807946686104;0,32500695580935485;0,2906141655731689;0,2767008054449156
274;0,15361109095862302;0,40044925932552744;0,3965814902283853;0,38242079477115015;0,1746088447743021;0,3242338870771579;0,31799872401244167;0,28999582495982673
275;0,17914644848950742;0,3875610356052463;0,39034184437650105;0,37782199040970743;0,149741535596519;0,33321415015864947;0,34474275492795825;0,31839111210955556
276;0,2691817707406474;0,3500629495365594;0,37618321277403993;0,3173498672598779;0,18762435905461122;0,33320367757368996;0,32816002419410506;0,30919361463880574
277;0,2934219931903047;0,29185607838795274;0,370110538850118;0,2624715177427619;0,30329728778806886;0,32107268845102876;0,36565237602321776;0,2893927262460239
278;0,2808270142980589;0,32709490382977646;0,4589843064469019;0,30924014060370403;0,28829024209014475;0,27947996759282;0,37170775411096707;0,2537553244381345
279;0,29064068827245393;0,33525482845152255;0,37567007982446415;0,3336874084608768;0,2326396839606498;0,27349993583886145;0,3754598377292744;0,26348375381652067
280;0,3234195991684715;0,325310316313302;0,35655123555990575;0,3390177272146582;0,2697251777204683;0,287554574944667;0,3134411390575563;0,2962689073354779
281;0,2613129601502217;0,318800650471407;0,3595426154516016;0,321835016973892;0,3135560732013118;0,2954649836246301;0,3351420445895653;0,327255821564568
282;0,24367001607492106;0,35029274059223353;0,38984512738170035;0,325383181913413;0,21419111382693365;0,3228965898259202;0,34674799547432983;0,31121617246310107
283;0,2964858112174093;0,40192179572550363;0,47456357500805463;0,37055424979543994;0,21538672499513062;0,34156583411863023;0,38404617818682113;0,30763270012638294
284;0,23979187268168056;0,34318746638468944;0,44407484679735704;0,293420330647552;0,2527967935890304;0,34468322435277265;0,40473053759479694;0,30999968871864897
285;0,18321277280570875;0,3212472621865843;0,3189166549312655;0,2826345263542114;0,20462316193444938;0,33522632488484444;0,40159361747573985;0,26986287833823935
286;0,19125167772673082;0,2893228318042872;0,33043534102178723;0,25629084891230813;0,17649025750913727;0,3183004119273242;0,3060976896797783;0,2985276435003989
287;0,27227729548650104;0,2779904579073796;0,3752498857028266;0,22647400527181097;0,21427572456299282;0,2950309042940462;0,3812123248976134;0,2601722296030663
288;0,24767240255893072;0,5085559039076836;0,603290612014874;0,3154297542301654;0,2985473744251846;0,27419802478154176;0,3692178608141572;0,1959810249215233
289;0,4083042394255476;0,7717056661252306;0,736570450697729;0,43063067428843155;0,29308771458383537;0,2942863526518358;0,38448920239299994;0,1902737046721288
290;0,2535281687086127;0,2141933328733246;0,29247233136662054;0,008478615571223815;0,2840709619072358;0,2963054778465594;0,3601444711162431;0,17710106314375176
291;0,20612934373799738;0,1627001034592655;0,2591608564644157;0,0748374511423819;0,2553797517648175;0,28511195856283017;0,33587355925372664;0,13140297085620709
292;0,22984924265165768;0,202920108178195;0,2637743950674096;0,11201030828372488;0,2401444225774162;0,22653093525975884;0,3116441059867781;0,1420125529840241
293;0,21354027198263964;0,15739357144530425;0,24778261541751073;0,09833413380709674;0,2387445920596803;0,23083256447785555;0,2885509093901753;0,15088925014420107
294;0,26243080470772606;0,12505500561948601;0,21004195131204234;0,06428843580309664;0,20962565975679437;0,19315810572226014;0,2979732450119224;0,14555663274516223
295;0,24746491280806066;0,1586150911614364;0,25560422972988306;0,11019702001955321;0,23407851530587112;0,19342645290249355;0,29254339640826327;0,13217200744084495
296;0,1995796261587267;0,1736832818551473;0,33882223288713265;0,15017007516243197;0,2453079711542978;0,17193135790171993;0,28070565186991825;0,12695761487326113
297;0,19357212901333132;0,19907663824986094;0,32012947181148954;0,16751036627042287;0,15377434908874413;0,15553458631729675;0,2938198293916958;0,13550395054965886
298;0,2327699955248703;0,17602750316494348;0,24472092862480327;0,13721731309224544;0,1959917371401587;0,17819205402902932;0,2788486182304698;0,14652512883760097
299;0,2254086063447493;0,17191893627351187;0,2662485298840187;0,12991015243069617;0,25430592643403455;0,18703099515145113;0,27393866974451236;0,14619725860046806
300;0,2914318514482904;0,13841149016301316;0,2659815751411365;0,11265012135945973;0,2212068331328247;0,16957422477724005;0,27398996570414164;0,1082362345078569
301;0,30224470782623847;0,14831756661620715;0,2553892905447336;0,12756847010200317;0,3284644914223031;0,13268968177018733;0,28916394559292546;0,11932781138044102
302;0,3103945822581798;0,16723194818519005;0,26399830909062205;0,12160726094257647;0,26964114735665723;0,15168669327971288;0,22605555798139837;0,12340797279112148
303;0,2429162104964604;0,11728025164927036;0,2006238017779402;0,08866413189044589;0,2935433474537624;0,15296720525687932;0,2539549348207825;0,10165689377275694
304;0,26844976974809737;0,12060087337660416;0,20758779301374122;0,08922448410807046;0,2318865189590627;0,1306215009447865;0,20982031783449845;0,12243145220017404
305;0,3264969401863193;0,15231687073475858;0,2898822314128203;0,11942054339006596;0,2922585903951062;0,14457633768900813;0,2539139961575318;0,11193460668346149
306;0,29179537686107365;0,1853013541295911;0,2772618857249441;0,16069455286799111;0,3036496643746279;0,14484781318027368;0,29906167441238635;0,11330618591565227
307;0,2537389030308512;0,20527341712572877;0,2584132293953537;0,1685628952000027;0,22992108632090502;0,18520126683620022;0,2579910616000169;0,1602281855617045
