t;true1;true2;true3;true4;prev1;prev2;prev3;prev4;m1;m2;m3;m4
1;0,2105549182978594;0,1895103119556733;0,5294974906843308;0,0975185637237924;0,30523972711492114;0,0025224173243296134;0,5028108056914046;0,026629156701646964;0,30022074844859126;4,119697410043732e-5;0,5029553362192746;0,02133113758558951
2;0,25374682539016113;0,13349380923637574;0,5466117484877506;0,10019083188340404;0,259193671650298;0,032126130768681066;0,46644849716065206;0,02070190214830976;0,2573370616873894;0,03375766365369488;0,4655934965760647;0,025872344400195237
3;0,17651483145800945;0,056229313587864684;0,4270149625521034;0,05962556157605421;0,24884095404257536;0,059435019674479395;0,4574007605060715;0,04675832001983533;0,2439965774561069;0,06651799572117029;0,46033939777277383;0,04729232429077358
4;0,1940523320463988;0,09080551442525873;0,31088356494946895;0,09170534678995446;0,16023197056538993;0,05300987478936338;0,3838733940432224;0,06000414022788675;0,15699188991699525;0,06579064739458912;0,3960913605165179;0,06780675604678243
5;0,15532458119258793;0,14527499908927632;0,30215544681491807;0,1652002879645304;0,19780025663756795;0,09648399308723755;0,3311788470965116;0,09235881881240883;0,1912469664984403;0,09850464301166653;0,32264813769291967;0,09291431117845644
6;0,08951954442677405;0,16990724963946438;0,2974242136434161;0,17800505596297925;0,18305138602591334;0,1244113784815394;0,2839023658861032;0,1343784500214544;0,1675424968817234;0,12213018468305534;0,2840721760475875;0,13385178106598228
7;0,09985624739818942;0,19863253070728182;0,3215773328211041;0,17124191422216997;0,09808993745093961;0,14882651944616537;0,26960372746992606;0,15491845607114868;0,10819344623402433;0,1461952878148021;0,27009517636788416;0,15208798032777934
8;0,20244052299718537;0,21602270872421137;0,2723639119044628;0,20979349730244432;0,13757400648695836;0,1963884190271511;0,3343044665906195;0,14587542128511533;0,13861159526541814;0,19220740194828762;0,3178521589183122;0,14510992030200673
9;0,13392485993996675;0,18350055195516546;0,20174290948081014;0,14324201902792275;0,16372869608342544;0,2078545431244514;0,26114118860046687;0,18024002422972352;0,18544634524462228;0,2001028490714716;0,2719846687168414;0,18306503144594033
10;0,11921204969930647;0,15360793897268735;0,2558234491346481;0,12727065217127198;0,13562676066600285;0,1901024767397341;0,218247916225376;0,16388841454924866;0,14112330675614568;0,1880862780076568;0,22829315710668446;0,15986030099601992
11;0,1669554955823749;0,14581414045149155;0,4015223748134647;0,15924979675675432;0,13710282813233501;0,13595665331629683;0,29323128534110193;0,12892418709452744;0,13662303024806266;0,1356965264830929;0,28679796468067764;0,12334584712269582
12;0,20493537841011428;0,09187432498684601;0,40886499805362014;0,10980471570527497;0,1765015352586533;0,11489708875923822;0,35101865578382757;0,12546880059011659;0,17552266156342;0,11291748774673227;0,3463192004229385;0,1276030524171249
13;0,22517057467347817;0,2079987509182878;0,44387774040939215;0,14202110099294635;0,2192446992485296;0,06648099812981434;0,3872841008670444;0,10597302323483382;0,2143234239211656;0,06415767444644717;0,38709994991735863;0,10068350805754615
14;0,22537710265574953;0,12808658738948356;0,22920383317894674;0,10145031903690149;0,2165036190519948;0,11321309644010012;0,3700154762220751;0,09652539601646462;0,2146757206064492;0,11472025076669917;0,3691876419539793;0,10169718379056662
15;0,18405076351914845;0,13028104847710464;0,2498249152147558;0,13128328080554189;0,2169263181588851;0,12610964630242755;0,2990413973330441;0,11526464395748147;0,21210424170268474;0,13315572327234787;0,30229999611965086;0,11579652042407518
16;0,22570337895412507;0,12462044860612985;0,19789544465974984;0,1351926333589461;0,16690167412790766;0,13236399844736002;0,24319397584989721;0,1484684646943914;0,16357486966024293;0,14512899883520677;0,25564905868025495;0,1562626874088443
17;0,39528000589749374;0,1278465453330402;0,35779409979422394;0,16243587313825944;0,25337809671835937;0,1476790506569492;0,2356443682598981;0,1491355603942519;0,2469957744578447;0,1496983482069271;0,22728179383602526;0,14969391845898666
18;0,2784577025664948;0,12034945288042158;0,31390483189428375;0,13765936979627688;0,2970184376318199;0,13202697845457986;0,2608178814822051;0,1486690468010786;0,28160309255974125;0,12980520765407916;0,26080680994549893;0,14814307308757635
19;0,139850582755874;0,1185547706309089;0,2989349857672083;0,1171848031436407;0,2127769227209378;0,09224434016278202;0,32451347233908345;0,120060028359105;0,2227798764708269;0,08971715846187875;0,3246428235619791;0,11723665416077579
20;0,14739872811065;0,15909592730152447;0,3795750471781079;0,13313859491957442;0,13294732212276694;0,12692969229424583;0,3101022712730194;0,11413625311937282;0,13380338624249385;0,12263875896968297;0,2938182803864188;0,11337106186933406
21;0,17120174339401553;0,15706223600035102;0,31936754353697594;0,12844371779028285;0,16075309778234956;0,14472528421577477;0,34147624759732587;0,11121020719155683;0,18254756948253933;0,13691716846727178;0,3519860102271987;0,1140335876268897
22;0,18236640151910125;0,15639642222414055;0,3510450381793884;0,17953724890116946;0,20420385794002074;0,16732079274873587;0,28541857218133926;0,16360733772764724;0,20974209615112796;0,1652158281923991;0,29583018841183734;0,15956767019970122
23;0,1615428355237812;0,1478649899315387;0,26270200949337325;0,1609571153641205;0,18362517608710144;0,11640689642041606;0,36775912189202464;0,17166825056551702;0,18308304848282753;0,11628227599917715;0,3609511644999833;0,16608915975289948
24;0,21573783607592162;0,15801641648922388;0,2855175857323324;0,13676336870540892;0,1720444814650176;0,16031064580953686;0,30349822350975186;0,16509318167066286;0,17102895724816192;0,15822014352408573;0,29914178744211756;0,1672279818262927
25;0,25219485193312985;0,16266809803849933;0,41253000384535926;0,15243099962397397;0,2443504067393677;0,17091382826980378;0,2958438073000144;0,12384380523153413;0,23955958492400853;0,1685836870013498;0,295641312553711;0,11856700864274337
26;0,30680212337055957;0,14766597413952265;0,37758921243911137;0,15817903090952512;0,2390077607200441;0,1304382621078692;0,35446847643712415;0,11792355447251596;0,23718864593077368;0,13205414081272965;0,353262159319964;0,12309464635257868
27;0,2953230718514813;0,14678293939808845;0,3626923139982478;0,17544091005987994;0,3004231989567168;0,12905303182004332;0,3391587500010553;0,16310471667711227;0,2957314981657613;0,1360883823785202;0,3424716597944165;0,16362732463312962
28;0,22639675294866804;0,07111761710547841;0,3321975583457282;0,1356090915962907;0,2649472322406828;0,14806126864269858;0,3466452784499636;0,16603367757404577;0,2615697513238509;0,1607581796079501;0,35902127090982144;0,17382568487539168
29;0,2283626675369539;0,07299038489389577;0,3661089363445634;0,14896955979177334;0,2198601669114924;0,08953106103572155;0,3756070962733116;0,16105594513306162;0,21339803664298732;0,09173626595449244;0,367233768046747;0,16161765101731984
30;0,18078391194051682;0,11835310693072934;0,29850525157318936;0,16025253499534536;0,24321978911832498;0,05903141254080356;0,3555563308513716;0,14257397210575068;0,22784328968721695;0,05689624832774045;0,35564154591539876;0,1420528313666069
31;0,2337067876102796;0,11265265374359909;0,3278857832104101;0,19990973460233524;0,18116940624183925;0,1007930621741744;0,2896005154029464;0,15731346111849762;0,19110357609403344;0,09815205821866625;0,2901215033762417;0,1544877205885609
32;0,18383837863577399;0,14739214097397155;0,40944035694796355;0,1804374967976004;0,25205095312016784;0,09188293741214042;0,3251586288259642;0,19841541328716328;0,2530111570109962;0,08761616148698029;0,30879073653996664;0,19764105882604804
33;0,12837672650962423;0,1487362726666803;0,3688303770523387;0,11886134100666078;0,17779982254107174;0,11644297777108899;0,33544037599171866;0,1684209046915453;0,1994887399776107;0,10856924735904497;0,34572297162829896;0,17125218650870078
34;0,14043095242977816;0,11760919039505163;0,3357149476793042;0,11588030980724164;0,15150711745192488;0,13731429824955504;0,350468259220756;0,12632218338262177;0,15694801261267216;0,1351254688691994;0,3608062081578915;0,12229414425274089
35;0,1024376466402253;0,06262549471185758;0,3113633453372035;0,07618677026335317;0,13431607258345746;0,09042052548084942;0,34669360316497977;0,12093552747782735;0,13369860373602843;0,09041915407617343;0,33999205710360086;0,11535712405849058
36;0,1918594079902217;0,1042222925855204;0,5423325580553022;0,07798420385067135;0,10498935947173742;0,07370229240823607;0,31700965025302796;0,07022373673775399;0,1038770825366235;0,07164730372850997;0,31283374730269314;0,07236743500917592
37;0,19471826857069008;0,04493192204656563;0,3557051703065062;0,04239391277157307;0,1452956635890616;0,06561601170438844;0,3469635444498556;0,07024384996238182;0,14054868434943146;0,06328718485976836;0,34658582760849055;0,06496779781187041
38;0,1535804916214803;0,0026772268664643144;0,24835457254894072;-0,015092008180778391;0,22231226958394668;0,03244449167214653;0,36258775721936803;0,022382839198392245;0,22064183206776;0,03412414793527132;0,3612853690275082;0,0275613993165705
39;0,1362748299332045;0,014347144946048931;0,45826268501678763;0,03080070783893502;0,17121657533953352;0,0266907519904434;0,30532829176886417;0,02079458652856458;0,16643953821067708;0,03370625685288972;0,3089489237472897;0,02131577166335504
40;0,1970525148585352;0,04373203248901616;0,3694400792002828;0,06828295283238775;0,15765507500868195;-0,008947213784750413;0,3398289742280853;0,006168623064519189;0,15425845691652984;0,0038021019717741043;0,3519424620347819;0,013959118254332834
41;0,23268412104687447;0,07948090445786246;0,342010882737979;0,10758732974718149;0,20565942789909739;0,03451025927587687;0,34095378259605674;0,058813331982316724;0,19928613449121255;0,03661071343792528;0,3326765824957766;0,059361363063521626
42;0,19471121900361302;0,06038893737867488;0,1826716845941772;0,08005348266478182;0,24654872995318078;0,08425138978654631;0,2972047207572162;0,09893263330918274;0,2312532813507108;0,08199192574802117;0,2974889859986869;0,09840066957084273
43;0,1483418492493792;0,07831718207502802;0,27023664965530975;0,0972085164713834;0,18245464834064323;0,08762589566707857;0,23323315034636907;0,10770702541484153;0,19232975420320536;0,0849722577292427;0,23415994022283215;0,10487859352736033
44;0,15684013684316017;0,08476048834008724;0,29977229375520353;0,10484839521218428;0,13496322199214494;0,05565884856129685;0,2967561225490126;0,07900783295113051;0,13582662010394614;0,051480017154194535;0,28013991703846985;0,07823771126301796
45;0,12385414315313598;0,07701171535664277;0,20339681956430053;0,12087109009359599;0,1702936403391543;0,10647922786205694;0,24521598281569296;0,11395043742118602;0,19209091710262824;0,09846688396445014;0,2556404989772854;0,11677079544938257
46;0,08241235980402452;0,34343728575042015;0,2717908288253437;0,18468394863207066;0,1277875230971938;0,06611437204134737;0,20164699115022747;0,14823721907300863;0,1331142295188819;0,06400670589680749;0,21223075182431944;0,14420268560633787
47;0,15461369323568253;0,2930801985129254;0,23831628974105917;0,10892189779137974;0,1453851830714272;0,09178555501493689;0,22164613492404514;0,14697113134006798;0,14477364552939012;0,09170340018664838;0,2149256254637956;0,1413939899351999
48;0,2240546112007703;0,08501626493412022;0,2950800434359508;0,08169465737629035;0,16092006923180507;0,12700625516225778;0,2193524714319948;0,12524263563262414;0,1598186161299565;0,12486541538373346;0,2151787634480111;0,12739104754455463
49;0,17394849261443368;0,2008105687134056;0,28581627990638864;0,1607177093218882;0,19723789870048047;0,0989782261022194;0,2793814539730607;0,10682153921360019;0,192547192468532;0,09673575582063916;0,27860440734565217;0,10155281272373341
50;0,2588187525618433;0,10290890711580238;0,15790778396754532;0,10523956224795329;0,18591094849222975;0,14533607644475258;0,2561999102257691;0,11594729701105706;0,18423709660766371;0,1468949066784434;0,2549936148487904;0,1211228711818408
51;0,24041473083010526;0,03241606831175283;0,10250022472073234;0,03548951443777223;0,2296901030972577;0,12762502174822662;0,19909632632697288;0,132924627957111;0,22499816904528472;0,13469619879792805;0,20300888089957736;0,1334450575946549
52;0,1944587183900531;0,099246585010789;0,235306205905619;0,11919986785712651;0,22347024865464385;0,08985130761026175;0,19524032599528138;0,0930557916602851;0,2200750127744323;0,10271481849758118;0,20728990213457069;0,10085638791492538
53;0,15823926871635186;0,18184165526888152;0,35261229895632457;0,18974798510634083;0,17663303775654782;0,08511304353604972;0,2695373584890132;0,12253337165763743;0,17017339016063945;0,08727025893604753;0,2609024970933151;0,12307711400061867
54;0,17463359814761953;0,20245166083845137;0,39667317817793535;0,2313379575192608;0,18575765757843032;0,12996581104048813;0,27512550791084756;0,1408484631532648;0,17046796904740796;0,12760038851248226;0,2752907822667289;0,14031301394039364
55;0,18471438630678763;0,2145137721112134;0,3942962809647516;0,22040555691696578;0,16576930622342856;0,13905511537981358;0,3067858633564029;0,16597903972764036;0,17565570636057504;0,1363866532591036;0,30751742431890505;0,1631460484128083
56;0,14214128218570982;0,23038276716430842;0,384605970718395;0,22705420785240282;0,19671424437156282;0,17868768222730508;0,3424068822600937;0,17896071231053343;0,1976151160765949;0,17442578070804526;0,32565295590604926;0,178188887667496
57;0,08435368919688757;0,33136011154070394;0,44590371896395714;0,24253961755778594;0,1317310407931522;0,21447187527028658;0,3125671840265259;0,20387385768982003;0,15344654273144015;0,2063887753949269;0,32299077446478075;0,20668888779470965
58;0,1627279853842923;0,18252272760877136;0,24236847510774007;0,21106119556815292;0,14492259684599026;0,23353651239218357;0,33811811596243074;0,20585368892600445;0,1502264144857135;0,23139140146182627;0,34856057484975506;0,20182160702212862
59;0,15841474580047374;0,10810692745410366;0,24567565624348123;0,1446851402567734;0,17271762361445808;0,19588852648970678;0,29749108540169766;0,23654263062878134;0,17213459271184275;0,1959292918805051;0,2911268548709723;0,23095999186387228
60;0,19062890835075072;0,13293893847023638;0,2916192214390345;0,14282852520797182;0,17067486380207628;0,16020091711122453;0,3018413063766426;0,19140737662512766;0,16956124013090315;0,15817524001974081;0,29765745393129156;0,19356666976940223
61;0,3694967213561326;0,17781889225454525;0,29516130847816885;0,16196293647557353;0,20397698066504052;0,12892180048874896;0,31719144304611696;0,14916347559699852;0,19934464126274537;0,12677772027507989;0,3163012964808956;0,14390823783335294
62;0,3071993391419938;0,12500529395912516;0,2652302354255096;0,18551567536167776;0,2533810343582321;0,1453564085952587;0,29618300899575656;0,14163372632102672;0,2518201004108718;0,1468582626144208;0,2951130005620328;0,1468091078058169
63;0,0910535432198731;0,13998546757855596;0,3216978382473156;0,1545577883618049;0,3080142381969627;0,11800515655471025;0,25301679396115484;0,18929902194187584;0,30345611537880046;0,1251377353933546;0,257200208659111;0,18980973754822192
64;0,0824562187408797;0,10362723323369934;0,22577541973119078;0,12308862183009951;0,2339076738430015;0,10926669694153951;0,259048272397701;0,1738604722047283;0,2304060741158821;0,12214533995317031;0,27106777249932906;0,1816648417263755
65;0,17470046794719823;0,11841815793876843;0,2709166800539986;0,15923304132262828;0,15888316872260655;0,11850610558084727;0,27483205563879537;0,17181719784678035;0,15227202139014562;0,12067769497963408;0,2662508291992405;0,17236434047932817
66;0,198324130225956;0,1587324653558144;0,3589383961866972;0,16776219562148292;0,2770342928937861;0,13053284639092508;0,26861421267161084;0,14474761229808053;0,2619490164963428;0,12814799860379392;0,268782681432447;0,144219383543555
67;0,12529349450540275;0,17463371654856344;0,3187439419940669;0,1640641167243316;0,17435683334316066;0,1240132775463974;0,31789168649981625;0,14456076524779016;0,18410093227771226;0,12136272795883497;0,31832736796273997;0,14172795342543437
68;0,10103029816896084;0,15978793098654331;0,2903523010076598;0,1494336899491194;0,11125457753713036;0,1761554955568138;0,3070295069499874;0,15457791929416406;0,11200176058316988;0,17174804824507447;0,29042348066575435;0,1538025173349098
69;0,1139663928379598;0,12650193911524701;0,20259565329479445;0,109378059526924;0,07048226960057252;0,1431272296449058;0,25273269708005763;0,15382552819797488;0,09212109150650552;0,13513255047089892;0,2633041226445375;0,15663878141262602
70;0,14793347507586038;0,1320587259710884;0,1879816993182534;0,1264424865597956;0,1617117494528103;0,14301120851974172;0,21708861493045345;0,12083374425800565;0,16712712004363373;0,14082831349534933;0,22771711674023512;0,11680996681524476
71;0,11447088988578043;0,09186181678646166;0,22273813581111604;0,11094489395172707;0,13997483287916032;0,12445658964396386;0,17957818702990505;0,15181792652361356;0,13932337519302393;0,12452757151169841;0,17354156729978093;0,14622603716313853
72;0,1780525414763873;0,08478211975551041;0,23547759280038028;0,07648987085825555;0,13271280726410198;0,085798256014965;0,2467877813108691;0,10284727590729224;0,13156292716565363;0,08387380307111139;0,24219775711985203;0,10501514917673865
73;0,1772997663372231;0,06822027043719109;0,15294148983711928;0,07019366429321405;0,22182787740374865;0,09818539368118702;0,24596105651393937;0,07213575101006467;0,21735404036139874;0,09600130100568094;0,24503112631426752;0,0668885551623725
74;0,08803285842801468;0,03410929261473847;0,0913889994380366;0,034586798677906115;0,17747598170704507;0,08668700253646647;0,18447597589662754;0,07873263337833258;0,17585309352775244;0,08819928314081123;0,1837555617982799;0,08390237114717808
75;0,1654470208403966;0,061464950545690025;0,1829385656916015;0,07162826562274195;0,12766035867903136;0,058934917593015945;0,17100809103877834;0,07036384853109298;0,12301585213051264;0,066119679192149;0,17525148725393036;0,07087535479468364
76;0,17601518171019295;0,05539038349549889;0,12628540470409821;0,07395256266707267;0,24209270155109017;0,05173687863271001;0,19183017160637533;0,060777294508957753;0,238823953913406;0,06460913653410584;0,2036782357770021;0,06857985671512815
77;0,12890800966239355;0,03688554933216543;0,18288187506938647;0,06677092266512896;0,17077658397192005;0,07406052442419189;0,1663308851963007;0,08929889200409784;0,1640356933055892;0,07619049415851256;0,15801366661793853;0,08983889944378352
78;0,09640214128526833;0,09111658044320373;0,2341355577026916;0,1246087331754494;0,11933488298615814;0,024564122498539953;0,20619066050522927;0,06464501261079683;0,10414420135780665;0,022312764329925655;0,20606431782682394;0,06412161340431152
79;0,18523480509140827;0,11211798346130479;0,20146647066149176;0,1405797260697795;0,09627444364695857;0,06853983089138263;0,19920756970286696;0,105853122554899;0,10601069699135492;0,06575388464701752;0,19963382807617933;0,10300963040562106
80;0,1990672579773833;0,13754428129336557;0,24448991326317537;0,12043850402779117;0,19656176511783055;0,09974379301847743;0,20743777339960398;0,12147920655115137;0,19747406010140778;0,09523355513338672;0,19084551825074025;0,1206986188558298
81;0,14135172317423156;0,15766167464356196;0,18505751453162056;0,14523408099186952;0,186584848569437;0,15024807629510806;0,2446350947670741;0,09092389819582158;0,2082486997824678;0,1421178539043304;0,2547962968547575;0,09374265827746193
82;0,11460697300909542;0,1432603938481668;0,1350207655489978;0,1225326109383026;0,17060389690468758;0,14803609947893795;0,19397351397534804;0,14075869331729213;0,17596919657733243;0,14584018361107612;0,20487825477545718;0,13672443614258636
83;0,1549201342867948;0,2798874283049868;0,22977894928741485;0,21286794501278972;0,11470784283482457;0,15668660875781737;0,1685227546981056;0,13713401863596134;0,11392916491642424;0,15673005837484014;0,16275338479925222;0,1315431326529285
84;0,17983188762964247;0,2140873501484096;0,26485538255550034;0,11298405802509974;0,15579209730546828;0,19757572136392834;0,17514330865811;0,14612045411118207;0,15470243164733974;0,19556101675364584;0,17049292646400774;0,14828499563905587
85;0,1755370401156236;0,1712988603647729;0,19307358021153442;0,10278442917161984;0,18660739697163511;0,19163314758855315;0,24676157268515744;0,11950004108446917;0,1821956278058292;0,18948353822149108;0,24536306670131752;0,11426247447984524
86;0,12671951700698011;0,1025470474363288;0,14983154671728388;0,06425577635097858;0,16301958007317627;0,16825312482632873;0,20345589232671876;0,10237518112868906;0,16136381533181035;0,16983747793931833;0,20298593562771727;0,10754712158932603
87;0,10208793983184271;0,03969486671745039;0,13931552058020036;0,02383505809135254;0,13980469529050865;0,10423032485256693;0,19913096124625296;0,08918197311458612;0,1350999732903518;0,11159266441117788;0,20338330450315922;0,08969840377323934
88;0,17591622085571226;0,07100680432589244;0,22170710776708896;0,0632287293569263;0,12317447071444915;0,06330987780992585;0,1888457424030833;0,048323581997514325;0,11987981332421181;0,07628849305364391;0,20070731817868245;0,05613439348323174
89;0,29264822906562155;0,08240914318510441;0,2602680163310674;0,09036897953567001;0,2212997236260475;0,06633152036169258;0,26085202164230176;0,06353252488319928;0,2147429700349039;0,06848519207383927;0,252249708017884;0,06406997558017984
90;0,29300394426619913;0,08865499472955604;0,21436560792854223;0,09123764079318794;0,31303555655978554;0,08356262639889071;0,24057566528905866;0,09131911907374662;0,29802477002004457;0,08129150395780703;0,24051189384142688;0,090789507450378
91;0,1915794953188976;0,1272861152546155;0,21602723003785262;0,12664994919382416;0,20331395676163644;0,1098126715283047;0,17507606400766476;0,10423084098414027;0,21290808690673246;0,10696459817987833;0,17588849635983117;0,10138462757916147
92;0,17418964483537097;0,11940448433495239;0,23772728716515462;0,1149346813695331;0,18673975215452165;0,11255607418328396;0,257392609244025;0,12486054715770067;0,187614514599369;0,1080471446459929;0,24043097416021;0,12407427650763447
93;0,14563383364923338;0,15228443472448733;0,24210275930208627;0,13600901618870426;0,13762721313318316;0,15074012091818217;0,19236316522208036;0,10262065274428439;0,1592409982055622;0,14251078731305405;0,20272149969499775;0,1054443846994017
94;0,20070527961697784;0,18631730610711045;0,19457191295689;0,2006525661934922;0,17690068917574195;0,10884115285985776;0,25761259723288377;0,14698485528063907;0,18230696626639104;0,10673927108168028;0,26812989500352996;0,14294121992124675
95;0,23760038860069288;0,10023518981087731;0,33615352603049403;0,12264014034342492;0,19601338067382248;0,14510461891154852;0,23394959514880034;0,17143968182540623;0,19525127863287117;0,1450347161770303;0,2284345689310286;0,1658437121483547
96;0,22122134531738555;0,038836046550913994;0,24604803598998082;0,07903634381769745;0,21172986703427757;0,11512002180446732;0,28425640270754043;0,1392954707298575;0,2106702152053788;0,11317697927158117;0,279326886541249;0,14146605009158894
97;0,2464348174530779;0,052321337198979294;0,5047664878945849;0,10601336373063032;0,21524656800819464;0,058970360877712395;0,29060680657484905;0,11637683594211935;0,21084172377876842;0,05695290016187103;0,28913079141031006;0,11114689246099976
98;0,3375145237912119;0,06022055289834274;0,3871228664435648;0,12981219447056985;0,21546987156756192;0,04024883364939121;0,32891405797050727;0,09614048134680074;0,213821688683585;0,04184932310726919;0,3282155704749404;0,10131478359066937
99;0,241786759899814;0,09320980197857824;0,2702868364728379;0,13096432709573402;0,28098852993328766;0,03682411745247462;0,32680162223592624;0,11561899505409136;0,27640646021989446;0,04416676958695805;0,3310419016084717;0,11613222657186438
100;0,23242653301411426;0,1159643475555925;0,3098582731469302;0,16472123440850422;0,2223113753140648;0,08243681862993174;0,2686114286380641;0,11976898791141086;0,21890764655314676;0,09527389679198442;0,28078659430220543;0,12757840639007023
101;0,12031928709302246;0,08767521158966984;0,24164783270159643;0,1377331272272284;0,24191014989565998;0,11465459455969407;0,2992822370747997;0,17702403893655375;0,2353881746985645;0,11675714697241213;0,2906212495942251;0,1775512142621773
102;0,14236953395195157;0,13941979086091089;0,2867408739488905;0,21962563067183996;0,17637091210834677;0,11089271261849355;0,26891490811848656;0,1675721722155633;0,16123073569565508;0,10865061562382268;0,2689871929249209;0,1670468358081466
103;0,08242176905517037;0,1572257848952214;0,24746093948229164;0,18102926364368993;0,10272844799245628;0,12600877934183174;0,25632482984610705;0,2198856893465357;0,11220909847088484;0,12312178934534067;0,2572551457211667;0,21702924365891121
104;0,09375220793061692;0,1817230571527313;0,24455537282669712;0,1551075348171372;0,09947816852874389;0,1841631191321745;0,26250520837672325;0,17264523817897637;0,10029782472210352;0,17950559577302963;0,24563298307501638;0,17187142952600687
105;0,03914261043798379;0,21609379705823883;0,20127146564952464;0,174460826138712;0,08456528081974579;0,19936545868774652;0,19836001859124439;0,1441840891007622;0,10615459892124729;0,19110943454795265;0,20898021916261006;0,14701500323515213
106;0,10687334474953958;0,16585888441689667;0,15524323562000178;0,17932799072065314;0,0573216849623029;0,20550186063154297;0,1817281936716476;0,1908124150372231;0,06261165252565991;0,2033825387164578;0,19235962972171178;0,18675962612335442
107;0,06549452587568534;0,1582762593266514;0,2703430847707302;0,15174953961001672;0,16333980536458736;0,15140167411698754;0,18935643805509508;0,1962322244390972;0,16274627240172457;0,15147938415450055;0,18392675071856796;0,19063579540071005
108;0,1089276416267744;0,18743800560961554;0,283663893857986;0,1912862946654031;0,12989054514742562;0,14461839815451524;0,24306883418327468;0,1615866809625037;0,12876543619540629;0,14270606192581514;0,23782376788674503;0,1637645461024114
109;0,1600403984782913;0,18823629452203514;0,3500153331551496;0,22066691251571108;0,11422256859138454;0,18889094461019348;0,2608696448408596;0,18961477031281787;0,10977470800052834;0,1867751061178903;0,2592537796254122;0,1843811459390629
110;0,14455109155796894;0,17442142049184592;0,2971922771763021;0,2152744275094659;0,17129907940824404;0,15468150851310383;0,32275315198468324;0,18833494917715857;0,16976697448020117;0,15639502412583756;0,32164312411912604;0,19350888479837053
111;0,11764482620000169;0,1837200541412639;0,24977099137407288;0,2091337104822506;0,13908397552025673;0,17851648236520923;0,26749870742771353;0,2382769919712934;0,13445831753383136;0,18580681986151312;0,27198261441882177;0,23878133383366873
112;0,12441405160364907;0,1550266340930583;0,2529273741983366;0,169973510041554;0,11140955005085021;0,20020624868672768;0,2450796690711215;0,18063638432177398;0,10796364116243555;0,21299058012846356;0,2573226341090252;0,1884598510259723
113;0,22469507478959302;0,15370901030932793;0,31492588768574603;0,1918401588328947;0,1519759973078007;0,12602962308523896;0,3099753964467405;0,18218747596870813;0,14554096426520646;0,1283787253391411;0,3010297417219433;0,182716217071525
114;0,312049858765562;0,22874685172202172;0,3584958100587997;0,35736590256967316;0,2526498765991306;0,16227469732050948;0,2903741155074581;0,18871353825222803;0,23771083070087348;0,15995521174502525;0,29048966061452636;0,18818726114582718
115;0,14211952924352036;0,24355696563157864;0,38510723514007483;0,4810847940365081;0,2353575476315193;0,16126963805334843;0,2868495404434106;0,2232191757460907;0,2448857405397512;0,15839631301732898;0,28778602298292155;0,22035464236307833
116;0,057148126162186015;0,19608469674038972;0,2308973724747944;0,20130941528929847;0,2192195533188205;0,1603948815743867;0,30538950396807485;0,24150902066720598;0,22001600520693151;0,15574015440737815;0,2885116616233171;0,24073149926867055
117;0,1234166912721208;0,18819136340982903;0,21349801590896694;0,1998364890455227;0,14768403486205933;0,17895567767614712;0,24683657032977196;0,2345608832885401;0,16918461032312423;0,1706520372867839;0,25766205866126934;0,2373945534101876
118;0,10697119003252971;0,11594989380213803;0,22270304810702354;0,15251232234172396;0,11388603734420673;0,20943082646457706;0,20566961894355593;0,20869916360526466;0,11906039641068515;0,20720559327473667;0,21658529525929213;0,20465505566054878
119;0,021372212506630635;0,1103331443030195;0,2588007748769972;0,17837266049653697;0,13219650636361335;0,14781281713795777;0,26352516495897943;0,19163680112974946;0,13161361715077585;0,1480597875181942;0,2579016744800308;0,1860449947516525
120;0,16799021533588185;0,1747151572324345;0,28818099080785015;0,22803667639738281;0,07469169078650408;0,11878075942559158;0,2715060511098734;0,1801682010974826;0,07343278621562843;0,11695416925258724;0,2662315136455984;0,18234739685544293
121;0,2556694423635721;0,17929294206164662;0,320243398079287;0,22675947930057047;0,18119343753079534;0,14036532124870513;0,26096730880942076;0,2056134476489158;0,1769194718541997;0,13817882176222723;0,25940100485627116;0,20037558935431904
122;0,19098421038380023;0,15609800524268486;0,34808195322243984;0,20475862421438454;0,2688013562859883;0,14590659507316367;0,2986053513042385;0,1952535982322236;0,26746053395501956;0,1475919866625475;0,29724559141591733;0,20042766690992006
123;0,20089967172148165;0,13056014276158592;0,2949204381502957;0,20844257465090907;0,1557951906638297;0,13024483147871432;0,320359129809089;0,1971315509150887;0,15096007343460371;0,1375535649581021;0,3246737353053327;0,19763573130773057
124;0,2333419696525738;0,08844441792280182;0,2204382593045396;0,1954894419396123;0,28235588036987813;0,1294298240550051;0,2703427257480377;0,21490685269201334;0,2791524394054906;0,14218464690534055;0,28283589819075716;0,22272468078532084
125;0,15882429315632005;0,13160422775541455;0,2795109333786277;0,20429282886257247;0,17520473803828812;0,10662427655555243;0,2588772604221344;0,21953351079049352;0,16857008037355697;0,10906586878277251;0,2501132144092187;0,2200637159034888
126;0,04142747280076689;0,11234070564488356;0,2672895740466509;0,17566128723082408;0,14578947074087906;0,15516345922577077;0,28305776164134316;0,1712043149851454;0,1307768285384746;0,15271739821626362;0,28297220243008225;0,1706901896179706
127;0,07170319978038069;0,16150672441837438;0,2548943721133201;0,21538521138388803;0,06070892063008795;0,12173933340164021;0,27723719219227283;0,18305240955215393;0,0701100450619738;0,11895467512085078;0,27819203627747763;0,18018461962931848
128;0,12121020883600808;0,1585096335899698;0,29525876362991893;0,2086465584842565;0,1219309444035919;0,17223863158057173;0,23206300065317464;0,2208653475911251;0,12281312092236663;0,16744693780910794;0,21554893511135378;0,22007727270050365
129;0,1240503084099737;0,13224988623117231;0,31605013699972767;0,20455121151532818;0,12002763830837224;0,13660592264241905;0,2942014922993441;0,19131130080182904;0,14155788651415066;0,1284045914503288;0,30450981913562136;0,19415063210368136
130;0,09832763933297743;0,16306568162045212;0,346166236662105;0,24278222830187016;0,16084453556250627;0,09348095521642405;0,3201346155799834;0,22511209067684843;0,16605866830437066;0,09133662097163014;0,33091480689014763;0,22106150463548777
131;0,15040042636406717;0,18213508819783367;0,35166302674216865;0,20954246262014653;0,1291176705601893;0,14773765951531684;0,32388475670886807;0,22693485791707238;0,128456937230553;0,14782241295002227;0,31833805239822693;0,22134372579522044
132;0,2975276337080518;0,1908396074849115;0,34789042094904055;0,24920650169937236;0,1804019636937339;0,19547958785906203;0,35661643768760715;0,17136157105370364;0,17922137132112453;0,19353730509488942;0,35114926351718734;0,17355270107069398
133;0,32367519552381485;0,2017902154367088;0,3573004418827402;0,29032951756041103;0,2333390213659221;0,1830227592833105;0,3305395870369796;0,2141819550369034;0,22917364137471918;0,1808801524475699;0,32911077263571803;0,20893530449744616
134;0,3962335160350569;0,2206464533505558;0,3449391562087934;0,3024545829584514;0,28634637674116675;0,17378420692360794;0,3257093612649727;0,23425850645793048;0,28515801820060127;0,1754897168317091;0,32437172993892477;0,2394256666103661
135;0,3079954935454737;0,21434131614770574;0,33722692436091267;0,2673468077570098;0,3378060950235497;0,17890106126881333;0,30908962543482993;0,25660885868850475;0,3331040260289939;0,1861884995513067;0,31345094470668033;0,2571098108587027
136;0,19137474940810134;0,16064556894777104;0,2742606366116398;0,19146388192593133;0,22396954745026726;0,21341660784815922;0,3258015561766298;0,24370302105596545;0,22060503268065168;0,22607312833009793;0,3381528578896677;0,25152287429107273
137;0,1511501305448868;0,14144798430068728;0,22865104390830268;0,1941074469744272;0,17384274085001614;0,18661631510367144;0,3162366741519195;0,22167619410276504;0,1671104568216603;0,18918062098564417;0,30767663725636224;0,2222138773933241
138;0,0995234946435527;0,13567200875986377;0,1759093619360885;0,17442351205856294;0,16157681285467343;0,17016081046071502;0,24006130171086734;0,22407525454364882;0,146508118650099;0,1677792075704096;0,24039103358594047;0,22356190462902029
139;0,059811766891323746;0,11088952513187622;0,20166085008064308;0,14961922851738974;0,09029632249315908;0,15290141426217355;0,22613699419759137;0,19506767762498609;0,09956884371688887;0,1501754983162517;0,227197003589221;0,19220809340162542
140;0,07168923604131817;0,13652481763287572;0,18577249969687148;0,1696067839360196;0,07488360055145767;0,10966085096934824;0,2561519257215673;0,15397654105188532;0,07567634846372435;0,10498688845753487;0,23962345646003191;0,15319694654219956
141;0,06502851962422272;0,16480839823538904;0,16263055305157326;0,17524267063163482;0,0792334268536475;0,15028981737660396;0,1577564481061221;0,17045121706685157;0,10077119459126796;0,14198743183273083;0,1685000354218986;0,1732850133570735
142;0,053011973548696904;0,144557490243849;0,13918143428732158;0,16280203102228893;0,0863262586293006;0,1770106489408212;0,16320778754238843;0,18063220370594063;0,09149296445391508;0,17479221859422955;0,17395693276829816;0,17657984229891358
143;0,04727936798639431;0,15199290091373555;0,19017439888653243;0,18343483199397018;0,06238636477715112;0,12216468700828516;0,17914342613345366;0,1678061317351767;0,06162948590385923;0,122395829368838;0,17359659604272232;0,1622173927495168
144;-0,0027956427480764845;0,199768559858121;0,22380864387721494;0,2187010544041643;0,06800999613434423;0,17759173549310273;0,1801597863661202;0,17907061249759743;0,0668065782978431;0,1754930167182833;0,1746574099817735;0,18125707702430296
145;0,03002238199429229;0,18531492826267823;0,2311642073018105;0,22730788409336866;0,040280741297226474;0,17262045297929582;0,2167268923481386;0,21511709158968925;0,03603539895106848;0,17048933564141716;0,21502912966842166;0,2098632060443409
146;0,03692134810262395;0,19123231407392738;0,24200776969540702;0,2246669882402533;0,04847045595811815;0,1824621366910281;0,24102138268038914;0,22196452896925725;0,04729589021780432;0,18412962670519584;0,23949764412071467;0,22712705086308463
147;0,032293347546178526;0,17592728982802547;0,20030938403358048;0,19611897172644108;0,057968224135645285;0,19661827212270633;0,22933910521051457;0,22930787805847005;0,05329245852824054;0,20385132131610387;0,23369114632432778;0,2298075732052387
148;-0,008812608209391785;0,16866436127283008;0,19430740416361633;0,20200950394936099;0,04844798278460122;0,17409849209812164;0,19802106054963048;0,17815743332177852;0,04507445632375308;0,18679293722866927;0,21045000516995327;0,18598701459784323
149;0,042012115395700815;0,13179896740982366;0,14958105268397312;0,16334667183713478;0,011742229661589287;0,16179046021448945;0,2077861297468677;0,22220941741909106;0,004931028595039036;0,1644126212948495;0,1992450429803939;0,22273779148904363
150;0,12366883920310598;0,16070980224619516;0,18360823324440156;0,3085757457174263;0,09617556778319283;0,1607623714092253;0,1679738936960074;0,18501762890467796;0,08125433785956969;0,15839590685186344;0,1684714460178386;0,18451314764753182
151;0,05160119249852051;0,20512428634369567;0,20234394138438758;0,23850017435691417;0,11252412331295668;0,14350498553433488;0,1700776161932025;0,23155629289283683;0,12189197731463464;0,14082825154273;0,17111456482683368;0,2286862769148362
152;-0,061677288856538934;0,3005126757702909;0,25711577862029467;0,3203634619145202;0,0892001513714026;0,19751656473216625;0,21003927940727207;0,21962511766003043;0,08994920393983531;0,19271380276314054;0,19336003051918832;0,21884940510526463
153;-0,02367641600114466;0,35925749300866144;0,31108300261639343;0,33981589093728803;0,054530693386191986;0,21571802807642804;0,18663439719459257;0,2303620404095687;0,07605449619510074;0,20738716582155817;0,19736762652250683;0,2331934648604807
154;0,14298815448161084;0,3891593087097648;0,3822438412317955;0,39178286427855435;0,0766260826029216;0,22728712532591594;0,21193588275340236;0,24708181485592;0,08181338745276863;0,22502729006221459;0,22254630145626964;0,24302836331898034
155;0,26722060915269286;0,3180310821217399;0,3269611758759391;0,30264775813306133;0,12654690789182035;0,23661070963506695;0,24795028169320432;0,2606079062890785;0,1258854273403115;0,23683223052271257;0,2422955015467501;0,2550180875834318
156;0,1211818259411414;0,11253664738057616;0,12089955933846268;0,10489238797409255;0,19501207319988498;0,25370776546727725;0,26364618730051426;0,2557204756141749;0,19396615698721725;0,25158136667422837;0,25805950893512103;0,25790782691728587
157;0,1544422216636586;0,13843575584284354;0,1858068150135993;0,1470971448137631;0,17602229023780644;0,23121426351157853;0,25295302667271363;0,2454457264011117;0,17176296451126394;0,2291591555985392;0,25128570482112034;0,24019697330790335
158;0,18363785045396555;0,04725582996854531;0,08409964818093908;0,057149378615561554;0,16201468593289037;0,188146240510124;0,2520191919067493;0,20814670764803198;0,1608375391687293;0,18992766107521633;0,25048048656331934;0,21331575489064428
159;0,13930040613253936;0,05258167495577358;0,10600804436413248;0,08482767468913574;0,17622134569264397;0,1610385910105959;0,22805857752627673;0,20024390758103613;0,17157941148480566;0,16832659877508227;0,23250216455857348;0,2007461764177019
160;0,13605186114487738;0,0640136198767197;0,13431013067271913;0,11391306123672067;0,16578490458877426;0,12604174909672297;0,21089323131648835;0,17398083130441572;0,1624016634579932;0,1388123944641909;0,22337683860442953;0,18181512570769176
161;0,1319288383915688;0,09746733388026028;0,13704746360415757;0,10813572737524711;0,15053152495809932;0,09960969873880784;0,21005606006307098;0,1615339423144334;0,14367544523506748;0,10232658916817441;0,201653470160929;0,16206604305041306
162;0,07409219234111022;0,04468589499272675;0,09762704557885711;0,05679198351902348;0,15150360706288535;0,1303184879787351;0,16050797058876223;0,13080426891856567;0,13656267439054742;0,1278754093485825;0,16127639480202263;0,13030669701259584
163;0,06492828692103253;0,06773618390634001;0,09751914959599951;0,07447590906719669;0,10448785835438715;0,09065434067331188;0,1718908996260236;0,1136635958434799;0,11380682827727943;0,08808445533929993;0,17289410976383074;0,11079603715036399
164;0,06559899210524335;0,06486743549680678;0,09094579906385424;0,0673122704280825;0,08822536401304897;0,09318886763834289;0,14485256935397148;0,09626473939731064;0,08890780096420309;0,08836572852773278;0,12846006661228443;0,09549030221729352
165;0,07912484762267284;0,10422176432454869;0,11989757517850191;0,11004865583262553;0,05145363453248839;0,07203121453094796;0,0975810036127463;0,07168592245821265;0,07291785548870258;0,0637425169809327;0,10845744731392479;0,07451931273712263
166;0,09000047455256649;0,09278226080964976;0,09030994433015517;0,09581279963675375;0,14107110907662768;0,09926378322089849;0,11189811121384778;0,12170101610141665;0,14637643999749594;0,09688214426689673;0,12243358324492654;0,1176339810303638
167;0,08940488332362226;0,084204553217249;0,10453281128243887;0,09269123370215115;0,0819635907775189;0,09912431077477994;0,12438087308472213;0,09499354798074015;0,0811687041162465;0,09930858448770406;0,11873715411646646;0,08940738821575395
168;0,1017205141491245;0,0746250576658125;0,1023906125568251;0,08663677800898364;0,12777056201344594;0,07207861925247357;0,10141956244452494;0,0998320124366769;0,12680879657357996;0,06999598699217849;0,09594256908986909;0,10201287270988763
169;0,10432718812774713;0,09366798506267544;0,13857711117082577;0,11105935526979112;0,08945830374359685;0,08161184368590649;0,12789244255391952;0,0721609822279795;0,0851200829067377;0,07949591663869257;0,12601725524706153;0,0669174679079486
170;0,1396048049065264;0,1501736184083947;0,1906367777860156;0,16114104573549598;0,14016364627043493;0,07784563150218654;0,13410875263657274;0,12552037429937601;0,13908959916571328;0,07960181478778192;0,13249013600456633;0,13067150677599798
171;0,11603861405044966;0,12493455051097241;0,17600864524478588;0,13724855363277072;0,1616912467462548;0,12405466670103142;0,17519783294439278;0,1354688832449968;0,15710078733393984;0,13118444462968576;0,17932184559635597;0,1359684396287958
172;0,09317003504873063;0,08559714609695729;0,1467847983333223;0,10562615538541646;0,09012413044375707;0,11323427547582098;0,17515997635009758;0,13050968889943465;0,08661753541910185;0,12601473532246685;0,1875472749624592;0,1383424623048935
173;0,06345793419064687;0,10026739824901629;0,16976065179486424;0,13302449338274294;0,12145813195789595;0,08601559917987216;0,1765968435543239;0,10818031559515885;0,11465469280550505;0,08883579141176037;0,16827018439543207;0,10871880152644386
174;0,09451128210246633;0,15403422324644395;0,1996662143561958;0,1653629650333031;0,0758503308961102;0,10462119065804838;0,14563325633480648;0,14390396983665382;0,060805117190157104;0,10213344082289583;0,14651595772169426;0,14339787963636041
175;0,10423821144797857;0,13962617025063592;0,18163517504570162;0,14231996025812352;0,11564009421478394;0,14482032120355226;0,20974033205461093;0,1460806075008477;0,12507560841795834;0,14214624114937832;0,21034377906717114;0,143213780335754
176;0,11223444016327325;0,1454758970882093;0,17308619260949923;0,14685007305537945;0,11200504716932366;0,149501177537046;0,1771334482874381;0,15126032003531134;0,11266508779684237;0,14468149228808652;0,16103093297040702;0,15048520076214023
177;0,11834613480304632;0,15106108164701418;0,16486701521716757;0,14470692823492826;0,11105719962332875;0,1416908138722442;0,1603217198872408;0,13798059413154629;0,13255644359700125;0,13344913371055173;0,1711555324293342;0,14081783703358283
178;0,14241114016337944;0,20405286122145444;0,2083260853802692;0,20995009819433325;0,16128272501986243;0,15402088732689123;0,17029519827134307;0,15849397023829162;0,16666979292844508;0,15159797313944004;0,18078530783138946;0,15442426181832344
179;0,19284243237577015;0,27262866524655;0,30220775915310927;0,29734444899531826;0,16128152134785956;0,1835286598394885;0,20459062583506216;0,20446298266904084;0,16048520142996875;0,18363746753190846;0,19885488823657937;0,19886786467290293
180;0,1473116049365421;0,21420214447474797;0,2778930127802155;0,24376887718252105;0,1854050471655918;0,20349464731916606;0,23847857853640916;0,2183331588119916;0,18450609109704436;0,20138809874093147;0,23282842966493694;0,22051103398188737
181;0,19757450428005197;0,20325446557538215;0,2613781208114634;0,22521330436592027;0,13974627460338637;0,1886136002778609;0,2848880925435747;0,24589759234488667;0,13531999901716057;0,18656246137769655;0,2827302050719491;0,240652641022894
182;0,23002094312126817;0,20609853055924982;0,2656627667877524;0,24996313586275248;0,2237815940709774;0,21979254143438542;0,25746430235501666;0,21271634770518755;0,2228884510778263;0,22147834741441028;0,25601697167475895;0,21787509908700997
183;0,21260016047709382;0,2581868763485843;0,29362783303225404;0,2845676474816927;0,23371158465829028;0,164419053134204;0,2556218890481635;0,27988149125373096;0,22916646281812875;0,1716994646037845;0,25972279842484636;0,2803682500834302
184;0,265455661994004;0,28081164903892375;0,29638478652383815;0,30110725097734115;0,21426318090404362;0,21993461767376354;0,2542098467786985;0,25879657252760735;0,21073763254802916;0,23256230806179143;0,266555118539786;0,2666355391996445
185;0,3214377929613915;0,3599202789886841;0,36820944624636853;0,3809060442078193;0,2602774543419258;0,2647795700331404;0,2901017810083355;0,2868489912417903;0,2535730275018172;0,2675367783673114;0,28169746796764317;0,28738598998243403
186;0,30718608600638103;0,3608032396457201;0,3913579834487305;0,370021240943711;0,28321495363976784;0,2880453833984487;0,29100269761152303;0,31230953071334067;0,26821006001684655;0,2855440284504522;0,2918533698584351;0,31180080702660506
187;0,29932156731520376;0,36243456839885085;0,4073664641545337;0,3666986240973557;0,2610367050377011;0,3044888670577956;0,3341280803785029;0,3244927036951896;0,2704951970477958;0,3018003417963144;0,33447793934847836;0,32162715430197175
188;0,1280721624268738;0,2776954485028703;0,3219532926530842;0,2750879665230764;0,29077354525494614;0,3360592966742114;0,36906765959557475;0,3388292662213963;0,2914866893910672;0,3311931800533773;0,35288238516055837;0,3380539443147558
189;0,11542449608299361;0,20846228607923387;0,21506275335557531;0,2022987601433374;0,19704299592472121;0,31740588286075994;0,3315293161123506;0,3209333899959094;0,21840705630110385;0,3092640386156972;0,3424552356088573;0,32377811935371553
190;0,16739118264394318;0,2463677092847597;0,2571946427863334;0,2570326968435351;0,17350909433376496;0,2872282921355256;0,31234221124345357;0,3094283889841433;0,1788064593614182;0,2849042885213256;0,32298565586781053;0,3053665394618642
191;0,22372339960740328;0,2727396213301733;0,2868275334323622;0,2760814946383862;0,1684451268743789;0,25353656497012067;0,2909483967487889;0,2775163212030137;0,16760155590314144;0,2537509881889296;0,2854763091746082;0,27193122662711994
192;0,2256575692172798;0,24124940158730387;0,29185580607495004;0,25317328149509066;0,263210879114876;0,2871348035218262;0,2765816354263007;0,26501216780952347;0,2624806795517258;0,2849575350811055;0,2710513250001875;0,2671922314902505
193;0,26477504379143924;0,2473901418343243;0,27925290283887455;0,2710254528461721;0,19549957477165442;0,2147392711574471;0,3171332849668746;0,2635945570932181;0,1909236838721592;0,21290325280660588;0,3147263429028934;0,25835222191026735
194;0,24407320141355526;0,25674402040438316;0,28836350560955326;0,27732828190621145;0,2595956697844394;0,2462152599652088;0,26418565391291654;0,26318395693197016;0,25882565184473816;0,24780880524207693;0,26306660132057647;0,26834124180200325
195;0,2837030841862932;0,2901051196771852;0,3030433128527095;0,31236381897190124;0,20471371374169495;0,23631315759316537;0,29676518586977957;0,28692484112451033;0,2000570429593933;0,24362437704398485;0,3006696948009578;0,28740691366005766
196;0,2722240623201426;0,2956400838523751;0,31041234451390143;0,32355461900349697;0,2695745181208276;0,2679720075857994;0,27000726701798033;0,2931220996718813;0,26616904783951356;0,2805054998779877;0,282480870563414;0,3009583549875003
197;0,2990848365180118;0,3066369090968391;0,36387146047929486;0,3423532384635415;0,26819519510345635;0,2896579599320892;0,3369694264907433;0,33209777918670574;0,26149510365219314;0,2923862161674424;0,3283074554918104;0,33262770236019135
198;0,37384372669918503;0,33133588909991857;0,3827039053061491;0,34927582872371765;0,3276556488553107;0,30694706326869137;0,3596487547458138;0,33649506036882415;0,3127696175185747;0,3044142507656783;0,36031287788833455;0,33598599583741773
199;0,33371373497053597;0,3879171009235914;0,41486547326619483;0,37845839801099235;0,3561790050803681;0,3305810727302303;0,37007499683020906;0,3460653475156648;0,36577596993540706;0,32782894403852963;0,3703444444167146;0,34319842457608474
200;0,3129527453359276;0,37870642773744817;0,39919618730725254;0,36230293887325915;0,29866171032398997;0,3773236615500843;0,3958795739569074;0,36151937830013325;0,29928823151318606;0,3723347304854294;0,379608756909798;0,36074008676627495
201;0,26527944506536627;0,3589082906154186;0,3508460963130154;0,3402211972685819;0,2937177961376798;0,37304819584497273;0,3660144693084555;0,35760133317215353;0,31512593654833065;0,364935912604858;0,3769316697712835;0,3604469113777322
202;0,23446139886926573;0,3074298622248026;0,32240310744525363;0,3148828902919871;0,22255593346557137;0,34156679530195727;0,33910234039493303;0,33580930048986185;0,22768120611138273;0,3393259477673988;0,34989569313285074;0,3317552847159099
203;0,29661892020716846;0,33377929883629504;0,36203092189694286;0,3492078372260639;0,23989641871095427;0,2736242062961008;0,348551485365643;0,3130909996028823;0,239047407107231;0,2740311862012767;0,3431354133858683;0,30751280496814437
204;0,2751553854050165;0,285025178483291;0,3108228889674001;0,29402419046283623;0,2781789318062387;0,32094550731583105;0,32354941179104746;0,32802339973158984;0,27751670935639816;0,31864760558944516;0,31819630379944935;0,3301990415961469
205;0,21112038450155649;0,22453534191064556;0,28298935971263406;0,2480080218828531;0,25411790525608385;0,2641772097349911;0,3334020984425329;0,2916531650117376;0,24947406785448492;0,2625157405912813;0,33093135570073595;0,28642252513522964
206;0,19770609013756185;0,19659485912767694;0,23481939089357853;0,19142052619278366;0,19208797606487407;0,23410667856845288;0,282875406906739;0,25736719996037927;0,19118884208336298;0,23577783939695024;0,28208682717092487;0,2625304215859475
207;0,18374318799624678;0,18794927389413016;0,24520357996339923;0,19405386766012156;0,19916744476548515;0,20781556709769872;0,2604811609429128;0,21381474623440014;0,19447895306276441;0,2151841160507067;0,2645194751121121;0,21430750417172018
208;0,15964546565054794;0,1464835713529067;0,1997370712964849;0,14961366128353465;0,1639806561883409;0,1628221372898988;0,24387691508148396;0,18565391976104262;0,16048113544805;0,1754513291363773;0,25643869913196876;0,19349318344310346
209;0,14486777099927012;0,1534014441746745;0,20124066320215117;0,16851431368743477;0,16570930237031728;0,1732756996301871;0,20955598851049034;0,16029745916195676;0,15897333529903757;0,1759813810604494;0,20123861028897422;0,16083203570380836
210;0,09997902133941505;0,1571314759701507;0,19058774115911134;0,14798907853672308;0,1424574725417342;0,12197408072247899;0,1996023603636241;0,1891983137920736;0,12748808111566284;0,11956755297731739;0,20027265854625886;0,18867907484711705
211;0,11490913943039185;0,2055556278296067;0,21654192103677977;0,18652051473582076;0,09760280063209886;0,17171445687858736;0,1984844920303545;0,1446366875238694;0,10714620380067208;0,16878926631821772;0,1987484017885623;0,14177740320328616
212;0,17919246531787836;0,2683647530969711;0,2640101370161773;0,23613473888194694;0,15668502525019748;0,20718233625701482;0,2158453164631815;0,1862880433623606;0,15739364432267408;0,20206019258126284;0,1995399049861621;0,18549396218954572
213;0,1629261378221558;0,2659287845066152;0,25570126121062364;0,24009667897919454;0,1702828873427569;0,2494665923980515;0,22003609333665797;0,20446384941481224;0,19176730053937316;0,24121224730919555;0,23072750456321425;0,2073006611171095
214;0,17081858081958554;0,30731904723991155;0,26197162790798373;0,2597243627621183;0,18017456769169413;0,2360538967171477;0,26816423843858783;0,24987912760185707;0,18529413418958326;0,23380811951205235;0,278631771295023;0,24581352849452248
215;0,15237936679015876;0,24316940629633957;0,23026041928222768;0,2112005016358759;0,18364447517732393;0,30443863400934934;0,2500345368927038;0,2497632906747981;0,18279959153214229;0,30464540550329267;0,24477100498257093;0,24418417070630086
216;0,13737494715169266;0,1934644138027362;0,18899071997467182;0,18589825620704184;0,15580173767099603;0,2416391940447564;0,2672894651574808;0,2153552267507858;0,1551011208191956;0,2395068162145665;0,2617990428713574;0,2175352458071387
217;0,1754985475224187;0,17250187125874952;0,20991784430649618;0,17255133988328433;0,15080135556705757;0,21593879650459538;0,197782541507875;0,22145316528616535;0,14614792988131847;0,2143374690739181;0,1956574539186065;0,2162213749341442
218;0,16261539595932703;0,16189978478855355;0,2148456992288876;0,1645267274091915;0,17884730350540876;0,1661539304560575;0,24191487224395972;0,1633186492346534;0,17801228659316753;0,16794372259485846;0,24083814535516596;0,16849198800717308
219;0,13943781077489215;0,13474021933109048;0,17694180269650758;0,13505407956674928;0,1531143315057425;0,16136665169870543;0,1828319813369031;0,18450017078155498;0,14837703561930515;0,16872396811589543;0,18717072781332905;0,184988125744112
220;0,12762409535132618;0,11817115079778964;0,17382553114166396;0,1329467420550847;0,14560040854909154;0,1268825224491551;0,2105986504219168;0,11710171533175551;0,1420851112432686;0,13959004684664397;0,2229367898417327;0,12495475567133427
221;0,16301198590955937;0,18063312608995927;0,2491208894003716;0,21116997997903422;0,13420887016925914;0,12971779768671188;0,16054754453607317;0,16138463635097328;0,12743850485052516;0,13243746419440325;0,152660752590087;0,1619098640330291
222;0,20377613033142294;0,17100847503778607;0,23108617720053348;0,20683410309576888;0,1846101306772509;0,15183238777789657;0,2084136544111406;0,17944280183736586;0,169712627900791;0,14938758048140863;0,20877089679314756;0,17891904316337487
223;0,17686398525318311;0,18741384280149612;0,24864610059517278;0,20249402353636306;0,20424549762610533;0,17045330260192068;0,22292238567015887;0,22075613956430754;0,21387354030816674;0,16747801893931194;0,22311325558254336;0,21788858081474693
224;0,182397942765361;0,22033628128301552;0,28837558191849005;0,24142868793431882;0,16870265370406645;0,1956321214428407;0,28890538800862414;0,17254989339815088;0,16933530422751703;0,19044200508423187;0,27231711015252663;0,1717672187813468
225;0,17588023018750437;0,27339999252945396;0,29527931030550203;0,24366430922967025;0,16761960017046754;0,20647920168503495;0,2320512752544175;0,22784940703877807;0,18914942726490594;0,19819212237384534;0,2429073254880684;0,2306717740768716
226;0,19347809140162647;0,36301285075104817;0,32675748232953133;0,2853672964806325;0,19697892047325552;0,24735928832956905;0,2787375263610604;0,22381475402153989;0,2021357470346295;0,2449793334628958;0,28889985130089607;0,21975137335356307
227;0,2884647231292276;0,4414310484667134;0,48250707176102703;0,38286644152163546;0,2032480198705638;0,2909891255785412;0,28588527219714077;0,2395570001389661;0,2024178227317605;0,2910548686561943;0,28065061905516125;0,2339740571636696
228;0,3674201472388581;0,3596773136570431;0,4151131275568265;0,35783687366290734;0,21516925143868043;0,29724263278015645;0,3061000490039334;0,24255338691250192;0,21450143267157273;0,29510567637405066;0,3004654693320278;0,24473125226614081
229;0,3242244921242973;0,2841524885132022;0,3346340973504444;0,27227820931282765;0,25075871473993155;0,29423174785248246;0,30924495130005314;0,26914688347914695;0,24617781342891915;0,29265038498103296;0,3070889498812331;0,2639112363700601
230;0,3173588174764695;0,26089520313593884;0,3684534439702912;0,27056603804227625;0,3290167760202172;0,2648357595009008;0,3337386935414157;0,2585092090813562;0,32836938617763667;0,26671955734251784;0,3324999032546405;0,2636846166111686
231;0,34204923389821656;0,2127350955839109;0,28593971365175913;0,19585014158910216;0,268100115221273;0,21543133600154982;0,38830752147475683;0,2728177089011805;0,26326706536712174;0,222926104547827;0,3923087074895332;0,2733050900559344
232;0,4258450424911992;0,24636629411254918;0,3436706411745027;0,2408985869167998;0,2878085863578461;0,22554285682261443;0,3366375612656912;0,2381819327265486;0,284344181023677;0,23822926946901768;0,3492341362894357;0,24604444528626954
233;0,46212598892381834;0,30707360461809247;0,39785586184126465;0,30813694188191826;0,34485675200894655;0,2410909669097105;0,34934464969911955;0,24486523544689476;0,33820221343283574;0,24382050857348628;0,3415590264148827;0,24539239265870805
234;0,29681962940470435;0,27223731205847285;0,32517387118892643;0,2517987431871731;0,388547980856816;0,2552205621621368;0,33629663709711666;0,25892229426975605;0,37374610834097655;0,2527741089921429;0,33672067043935944;0,2583969171088142
235;0,23824508977088163;0,24363313876943068;0,3446302706724264;0,2341358970207484;0,21565146811603983;0,26119842725218995;0,31800763084222744;0,2566211313293547;0,2250117880126099;0,25822861346583575;0,3183470693200193;0,2537555075445644
236;0,3095845959401658;0,2669760485366613;0,35400005362254233;0,27268031196880876;0,29589445469747694;0,22441949606970746;0,3990414527230511;0,2160134482026203;0,2966476647757406;0,2193493022797673;0,3820940492125652;0,21524145983033838
237;0,3652896889250039;0,1601438077605537;0,31641045455929145;0,2025339199959198;0,2660096954159387;0,2548187123594477;0,30560896520755715;0,2525410260103459;0,28751852220289653;0,24646631908354064;0,31688634417110345;0,25535374205825906
238;0,3918238651045161;0,21961695744861648;0,31455534554368825;0,20727425278262715;0,3024691887035352;0,20404875757992758;0,3244613643256535;0,24802314733898206;0,3076594667333409;0,2017892646580363;0,3345422738407442;0,24396316706835686
239;0,38190712843090135;0,2974150822973733;0,357552440302269;0,2969520359587418;0,3602316361001146;0,21833630431066975;0,33306491105700464;0,22239833047623198;0,3595016861602648;0,21833928698055455;0,32789783001133427;0,2168219083495458
240;0,2908476820270484;0,23334484548310777;0,2856261360996526;0,1789017550108877;0,34736786525307034;0,2573755057956656;0,3105504709354074;0,24757003755123072;0,34668193464514563;0,25512327673956775;0,3050734713816574;0,24973966074432952
241;0,4005644695580367;0,2021159364180397;0,28955154116086457;0,1676501583398493;0,2570224371405383;0,24500979427302663;0,3019462828834822;0,2146909131679466;0,252253088222346;0,24344976286031414;0,2998438534376323;0,20946432958974476
242;0,3399931878616812;0,19577352793846337;0,26742183965464505;0,1525754714802288;0,305728323627198;0,22255894875318233;0,306349298257643;0,1947953400898058;0,3051745986906206;0,22448751935965183;0,30508830503249357;0,19997180879195534
243;0,2600610787652469;0,19881173354789128;0,28683895241019325;0,17441275181750485;0,36065114561560235;0,20165077785870947;0,2646515302665359;0,1696134718923929;0,35591450612551945;0,20918754044627938;0,2688430949027721;0,1701062465580019
244;0,23803409446680354;0,18954043524747002;0,2696669466527161;0,17357712095494435;0,22812219416004142;0,18151368196725945;0,27131318749145833;0,1615750871876241;0,2244008280892531;0,19423461650658708;0,28381707839028947;0,1694361511412796
245;0,25816329235180874;0,21862965570829015;0,27387222382820825;0,19599794912971477;0,2774043694925741;0,20545933126456536;0,26681579952095114;0,19830947772899937;0,2708220994877513;0,20814192453953312;0,2591713566706986;0,19882819718271377
246;0,29236581587875354;0,22861782689414073;0,30363603982160325;0,20520723361109824;0,20857206195471473;0,23721628855303262;0,27052514187307203;0,18252242819873957;0,193616550655606;0,23468921429327225;0,2708756151504823;0,18199970449878686
247;0,24992691579630794;0,22739289059974518;0,31905330364547074;0,20649882865054786;0,26370133265839;0,21030899328395702;0,30523337520964977;0,20067912106453334;0,27318071518300857;0,20740588580602853;0,3053669107039627;0,19780830592698753
248;0,29590571588891185;0,24374090792916198;0,34774460623141434;0,2191023581366049;0,20793958336523674;0,24113920032447508;0,3363376043569683;0,19779729328395246;0,2085571128125946;0,23599056707860974;0,3192652710658214;0,19702511864266614
249;0,27671254420610686;0,22663029116268996;0,2903919344468042;0,1858019050486589;0,2738800551090411;0,23459479376765702;0,3095316369703518;0,21371953810835656;0,29554148589469337;0,22626505953062265;0,3207868827373019;0,21652648791902787
250;0,25524796876981154;0,21338867598886976;0,2869056397635441;0,1897504687058845;0,2729790170457639;0,23107127609602274;0,28343229862040953;0,16784027730140408;0,27814290298270533;0,22881062976959185;0,2936525358794325;0,16379197657930222
251;0,19547417275177262;0,20464653063983385;0,2720006489655662;0,19486194865863896;0,22023020263557977;0,1689359779147152;0,3019984327395129;0,21578926778757984;0,21939467444944757;0,16910089320469573;0,29679618596420876;0,2102009362362098
252;0,2392696332227829;0,23961927338834457;0,28584395705405424;0,2076515943295671;0,18524454619197533;0,2338664207195346;0,24370820608004393;0,18505442164100228;0,1844851194796548;0,23142977857541547;0,23857233537578684;0,18722854963205912
253;0,28049971570450877;0,2235067281550221;0,29710514363674917;0,21439457245477092;0,260759910327328;0,21303400194324387;0,2940710430520709;0,20887696256523516;0,25611140289014767;0,2115234239530918;0,29165505335434755;0,20364609240824466
254;0,28618913500593285;0,22962911317930323;0,2915583546192418;0,20037639612008648;0,2996088192854;0,23046624916602385;0,2858714110925164;0,20713073991876035;0,29915204462625095;0,23233622811219673;0,2846421873520848;0,212305273120586
255;0,2950803601567673;0,21374698446215332;0,3058131321134072;0,18561120691456512;0,24349299392454848;0,2145829412565192;0,3035750960532654;0,18797163758869567;0,2386672192194755;0,22215152203535385;0,3076390134839394;0,18847084485917737
256;0,3461210155302209;0,2509147908844291;0,34843230334293274;0,2476635965328106;0,32104734694483894;0,20338357057493214;0,30151530642546925;0,17554746390467188;0,317480178254754;0,21612706956516653;0,3139808453981664;0,18341010668611618
257;0,3890115300098981;0,28406600258810255;0,39491958726689297;0,3108306288259366;0,32204173888528703;0,22527835437303045;0,32744999116318224;0,23089395298521959;0,31548090522995526;0,22793147763690425;0,3197844210417896;0,2314011899186174
258;0,4482829418984602;0,3649165497667242;0,4806002110465443;0,4112609727760561;0,3452469060601683;0,24260234827505398;0,3360025692268869;0,2559808039046763;0,33033016613591054;0,24004076020669385;0,3362644144311124;0,25545353239375007
259;0,33423127012719894;0,32931712479378883;0,41664577228358457;0,30068509113751274;0,3132469614952786;0,24965854302780197;0,34254426081321143;0,2730398489412826;0,32273326026229676;0,24674421929188206;0,34263167814303547;0,2701668311698993
260;0,3058416568615444;0,30078350351058697;0,3824154058011047;0,26586020605788735;0,31505696088225865;0,2964969092850476;0,3817249593179624;0,26697928801506;0,3156657407790318;0,2912304673889351;0,3645074299323596;0,266209578625651
261;0,24213943896128703;0,30086927288813065;0,32404248198784574;0,27618337384738084;0,24112244066343508;0,305170295566489;0,34119993873382126;0,2577295755082815;0,26269069628606284;0,2968373940030928;0,3525099986192892;0,26053889320542456
262;0,22683897322854207;0,28540200754138173;0,30450141343898524;0,2535566118237366;0,24294903135881896;0,2831808247270992;0,2805334825784936;0,3183287395279549;0,24807777215158608;0,2809751947403294;0,2911223875295675;0,3142699919430493
263;0,20454892240019792;0,224214732190563;0,28222597883476325;0,2222825291628025;0,22559355071105242;0,281463379386542;0,33485636710283584;0,25981968055573934;0,224690473155227;0,28165102030689315;0,329437353747697;0,2542475015107372
264;0,20302109637963273;0,22472442100021975;0,2873589914636533;0,2157449672225662;0,19435267545320553;0,2263231928819101;0,29798013046721394;0,24236613397969625;0,19349509254767916;0,22405070420399026;0,2930995065832203;0,24454393405036273
265;0,23479683368419732;0,25574829389075165;0,3117021771472805;0,24503214311982205;0,2143097586264941;0,2360528167077408;0,28967785872990914;0,20105962129098817;0,20966152919666678;0,23451878121495148;0,28731614388852683;0,19584093771340516
266;0,24575746283097477;0,272494771946872;0,3177997125672175;0,2576353465544397;0,23804470126569602;0,23736939164065354;0,29357919268472427;0,2419481908335821;0,23762776268178595;0,2392282578632411;0,29234433668991616;0,2471104575154291
267;0,22794489315268604;0,2676843077598126;0,30172939447839336;0,25693980327064536;0,2500135391156891;0,28428618411631784;0,30887737215542993;0,25021987790503114;0,2451872453671078;0,29171921387292926;0,3128303911816034;0,2507194854257829
268;0,20429411943095424;0,22038086808728888;0,2525427006880387;0,21607696075048513;0,19312427364377807;0,22806891578705435;0,2833837694322844;0,2684960350790038;0,18944473705349427;0,24096427647131508;0,2959544509702938;0,27635414092497823
269;0,2480590244628496;0,2709110113650488;0,30789386436464994;0,267816080682614;0,2080822434885935;0,2503995509830342;0,2800805145118755;0,21520513613034625;0,20153308872254305;0,2530246652884669;0,2725579892828743;0,21572741718456095
270;0,22287703098730957;0,28607032472196325;0,31563325891887983;0,2689962739270923;0,2623154578582015;0,255321186781629;0,2854789546195903;0,2594918571147182;0,24749119628890454;0,25276390049101005;0,285658566144404;0,2589536972798227
271;0,18571422930584577;0,31723126865170975;0,34120530576062474;0,28894385887431695;0,16816347249285893;0,28809707037808785;0,3200356001470221;0,2547884751593994;0,17752455148061985;0,28509825897622243;0,3199054731000683;0,2519168562667961
272;0,1841762876553121;0,40811067027248205;0,4205586100145553;0,3646255583327432;0,21679453575785937;0,3181796900008481;0,3354461654213311;0,29335795118495883;0,21748267399501667;0,3128362524411643;0,31820591449167773;0,29257848689151167
273;0,21606772457152668;0,4229618320235048;0,42659741540988433;0,37286672393976494;0,17778330677245974;0,34709043712178284;0,32739706089028464;0,30694528996337556;0,19932099882955678;0,3386893185101761;0,3385567481908389;0,3097512922153797
274;0,15361109095862302;0,40044925932552744;0,3965814902283853;0,38242079477115015;0,21790877019603092;0,3580606400353421;0,35291844972596237;0,3300552438824721;0,2230860557379004;0,3558188506146849;0,363358985488384;0,3259926246588625
275;0,17914644848950742;0,3875610356052463;0,39034184437650105;0,37782199040970743;0,16501523097058607;0,3697854619188074;0,36408598873694864;0,3636161789366211;0,16399715452190658;0,3699482778565676;0,35867355239271637;0,35803806582381115
276;0,2691817707406474;0,3500629495365594;0,37618321277403993;0,3173498672598779;0,21123723348711915;0,3853048066729257;0,3921612382039007;0,36541679492922535;0,2104558843058982;0,38302731417794533;0,3871118254583482;0,3675947711558983
277;0,2934219931903047;0,29185607838795274;0,370110538850118;0,2624715177427619;0,2680565029227813;0,349914885785589;0,3913347897482974;0,332371678696085;0,263516147244434;0,3485038111332145;0,388966466460583;0,32716602296339065
278;0,2808270142980589;0,32709490382977646;0,4589843064469019;0,30924014060370403;0,26863425450246226;0,2994877134337271;0,39570898565400286;0,281158618102883;0,268247949655685;0,30149618172193504;0,3944489922038051;0,28633206929280614
279;0,29064068827245393;0,33525482845152255;0,37567007982446415;0,3336874084608768;0,27517849257276283;0,29157841001807977;0,4585422523540672;0,2895051114240581;0,2703792194963624;0,29902104944593627;0,462093061865756;0,2900046178676106
280;0,3234195991684715;0,325310316313302;0,35655123555990575;0,3390177272146582;0,2643543929272152;0,3143513412023874;0,37882746306697385;0,3103685040171164;0,2606671098634629;0,3271862945269773;0,39182474030450964;0,3182203389358865
281;0,2613129601502217;0,318800650471407;0,3595426154516016;0,321835016973892;0,3171519082554099;0,3329415905893848;0,3562082434338247;0,3548654604763162;0,31071228723930155;0,3355618137841691;0,3489805517817611;0,3553812684627531
282;0,24367001607492106;0,35029274059223353;0,38984512738170035;0,325383181913413;0,22144873418983796;0,31507330504470155;0,36065519240200006;0,3182601460371145;0,20644108104834885;0,31259695648371394;0,360808946508846;0,3177327761213861
283;0,2964858112174093;0,40192179572550363;0,47456357500805463;0,37055424979543994;0,24750655610154434;0,36207567023966725;0,38105417252478124;0,3106814947215018;0,25695203162601254;0,3589606940626832;0,3808330016031248;0,30781357276098176
284;0,23979187268168056;0,34318746638468944;0,44407484679735704;0,293420330647552;0,279542098603432;0,35778265547256927;0,4301494649407036;0,33058343135812457;0,280280609879843;0,35246640898394116;0,4127479970196592;0,3297991780360335
285;0,18321277280570875;0,3212472621865843;0,3189166549312655;0,2826345263542114;0,18234934887790455;0,334216580816566;0,4190549424509705;0,27775977407243463;0,20373620855542546;0,3258891235886843;0,43012883230245397;0,2805776427954115
286;0,19125167772673082;0,2893228318042872;0,33043534102178723;0,25629084891230813;0,1948391302857369;0,3303012392755622;0,32969517834730805;0,3053151788178993;0,19999151029108037;0,3280472444150933;0,340676604015565;0,3012467950536653
287;0,27227729548650104;0,2779904579073796;0,3752498857028266;0,22647400527181097;0,1942619197706864;0,27572191795070744;0,3643318217414571;0,25670764677183433;0,19320155097402855;0,27601427519391264;0,35883599482133743;0,25113998220498085
288;0,24767240255893072;0,5085559039076836;0,603290612014874;0,3154297542301654;0,2688683531425085;0,27951911708024874;0,3747257422556612;0,21857413919593277;0,2682160371004777;0,27721575352086564;0,3696180928784036;0,22075671812461206
289;0,4083042394255476;0,7717056661252306;0,736570450697729;0,43063067428843155;0,2550163048429272;0,2933576997252696;0,3766719629437104;0,22600513413322107;0,2504493586749875;0,2918927633917626;0,3742778226894497;0,2207972207651789
290;0,2535281687086127;0,2141933328733246;0,29247233136662054;0,008478615571223815;0,244300572930274;0,29568348605485434;0,3669150072278493;0,21758867719898337;0,24390584291187245;0,29767565034990345;0,36570345002318116;0,22276028757705235
291;0,20612934373799738;0,1627001034592655;0,2591608564644157;0,0748374511423819;0,2378036793484713;0,27968700782762546;0,35591910495672613;0,1926991197128745;0,2329862986561672;0,28715856084575836;0,35946755134541464;0,1932040766273598
292;0,22984924265165768;0,202920108178195;0,2637743950674096;0,11201030828372488;0,21451089064536455;0,23563193277712546;0,32191357163537804;0,17149711245775917;0,21077864197385426;0,2485620999832826;0,33505009934992175;0,17934952680769106
293;0,21354027198263964;0,15739357144530425;0,24778261541751073;0,09833413380709674;0,22585127173700828;0,2305636787339711;0,294617189769552;0,14725006903961432;0,21943326118794568;0,23320756222656358;0,28769017807761543;0,14776949905257955
294;0,26243080470772606;0,12505500561948601;0,21004195131204234;0,06428843580309664;0,21535960595621426;0,17093918187283907;0,28082680782704794;0,13194671573104294;0,2003047838152511;0,1686204554504518;0,2810370688054122;0,13141955558589952
295;0,24746491280806066;0,1586150911614364;0,25560422972988306;0,11019702001955321;0,2190651654377489;0,1550927686170197;0,24863184390529622;0,10437961428754917;0,22856286904460055;0,1519835214524748;0,24860661283553737;0,10151491733580209
296;0,1995796261587267;0,1736832818551473;0,33882223288713265;0,15017007516243197;0,2834401723763955;0,15639312856337556;0,27960266690243346;0,10970968885714852;0,2843020768508762;0,15103813712335687;0,2621037031249048;0,10891889064036432
297;0,19357212901333132;0,19907663824986094;0,32012947181148954;0,16751036627042287;0,18013905875681027;0,14711658423504018;0,2881566855595633;0,12420725389568342;0,20137214999696904;0,13878585215588798;0,2989723121949174;0,12701728804562565
298;0,2327699955248703;0,17602750316494348;0,24472092862480327;0,13721731309224544;0,22078131963217215;0,18924683509564394;0,2841799959386259;0,16496716188051425;0,22596949750778142;0,1868245937646314;0,2951794305732794;0,16088722245209974
299;0,2254086063447493;0,17191893627351187;0,2662485298840187;0,12991015243069617;0,23879708251524798;0,18860319557315355;0,24019169784066483;0,13929028020368317;0,2377525096681739;0,1888708606068178;0,23503840401936796;0,133727022405075
300;0,2914318514482904;0,13841149016301316;0,2659815751411365;0,11265012135945973;0,2053649084321303;0,13661338797656766;0,3100037226115799;0,10842981703500265;0,2046530718637593;0,13443601361735827;0,30446306889225916;0,11061592967421077
301;0,30224470782623847;0,14831756661620715;0,2553892905447336;0,12756847010200317;0,2782310285783212;0,14700508024578224;0,2636643967446632;0,1295672977454305;0,27380062716561804;0,14547690153360546;0,2614885850315207;0,12435386240484755
302;0,3103945822581798;0,16723194818519005;0,26399830909062205;0,12160726094257647;0,329677671396233;0,1515740392992465;0,24758295560437937;0,1181643229496667;0,3294134980531147;0,15351080908846804;0,2464290186957718;0,12333409083550423
303;0,2429162104964604;0,11728025164927036;0,2006238017779402;0,08866413189044589;0,2532865558652157;0,1703898664980117;0,27175727676134415;0,11496123730875031;0,24833509108589977;0,177765879394804;0,275101201123413;0,11546654670622934
304;0,26844976974809737;0,12060087337660416;0,20758779301374122;0,08922448410807046;0,22406707191166075;0,12573679672150664;0,20607681522611118;0,1052269206255004;0,22027590060942462;0,13875380696482414;0,21951452624231732;0,11307854014010592
305;0,3264969401863193;0,15231687073475858;0,2898822314128203;0,11942054339006596;0,2965169661476359;0,12920644633140355;0,24950160862841295;0,07898976834473374;0,29023088903421973;0,13184744244119206;0,24243628555311872;0,0795162677103754
306;0,29179537686107365;0,1853013541295911;0,2772618857249441;0,16069455286799111;0,3315876452289835;0,13791191518144422;0,2740722990776175;0,1235933014718646;0,31659350363323707;0,13557578481816243;0,27408858827667315;0,12305492303778928
307;0,2537389030308512;0,20527341712572877;0,2584132293953537;0,1685628952000027;0,23437903341008814;0,1874524768614141;0,24251003371704075;0,15644643350890403;0,2437448259854661;0,1842102594729806;0,24267849231569066;0,15357509654454168
308;0,23771254353242477;0,17846371901011832;0,2863004684242077;0,1516268874879014;0,2810146112019976;0,21474177392308896;0,28436388992498024;0,1655975386228399;0,281955042971104;0,20932585938330836;0,2667258048635424;0,16480507322181032
309;0,2547309534550536;0,21561506136941724;0,29388340955223513;0,2046760869544094;0,17838164899893566;0,15322779949576443;0,2868463415234002;0,14908162271416228;0,19944568134523621;0,1450829470177203;0,29745860842100014;0,15189545633988466
310;0,2119397375755172;0,22475912572267726;0,2995837611918946;0,2106119195978831;0,24409207718404477;0,1779621392392516;0,2625536612025928;0,18499622747028688;0,24935675027166254;0,17544953635443572;0,27367135731138564;0,18090935279003822
311;0,22734473247443343;0,22659501358388748;0,2675339243460956;0,20619605467119395;0,19056068814022176;0,21693155366597683;0,3073780095526218;0,196231728978002;0,18938746609970575;0,21708362201398157;0,3020672777072968;0,19066719945907862
312;0,2089244224673172;0,34150451329947157;0,3404753372674118;0,3022038974265126;0,24473979691952188;0,24414281864061002;0,23011985417763037;0,21415164201645726;0,2441079373600151;0,24191565594391634;0,22501237205962155;0,21633347922416962
313;0,2756848691313812;0,48916559720098396;0,4725182120769098;0,47935100259668023;0,22437739036607332;0,2634214113209963;0,24940644085459043;0,24511286034070628;0,21989630885557995;0,2618588671188283;0,24710500141662448;0,2398958906220585
314;0,3836341711613277;0,5447620353052413;0,43994842567260234;0,4026584259486815;0,22105903850561998;0,26681233617633504;0,256782988962229;0,24723333627069785;0,22079959051148063;0,2687518912599919;0,25558776098865704;0,2524026593563271
315;0,4006717109126378;0,44023293619675713;0,4716707507560496;0,4100193639911334;0,23373023283125766;0,2738947795439888;0,25797281970331826;0,25551830111500606;0,22878800844309036;0,2812545243620698;0,26127551831884205;0,25602566155333845
316;0,364562744809988;0,38402029828481127;0,40574060917747357;0,362910884655726;0,24556593030131474;0,2710089512626235;0,26362280821547707;0,2558376575321441;0,2417926207737756;0,28404794183318144;0,27698768116452555;0,26369051555986994
317;0,30550037688227977;0,43252905815446785;0,4540293419776799;0,40365313465261315;0,27098550815220684;0,2899475028866006;0,29692039931156683;0,27543766842678563;0,26475399702622526;0,2925980312228583;0,28978769792830233;0,2759652059717642
318;0,2754833754718418;0,4847084514033976;0,5654065418669736;0,48597948015804504;0,27710959646737227;0,3095445045316606;0,301026182617619;0,29159410658768736;0,26213188508502416;0,30720319087077125;0,30096803464242516;0,29105545108064096
319;0,36827504926306415;0,6916411385551517;0,6155929643188668;0,5778780567257158;0,23929133013401122;0,3133063425790181;0,3127028803471399;0,3050437886617866;0,2486394772328936;0,31008201213091957;0,3128095120651286;0,3021727721256228
320;0,35045505688988776;0,6430165954620363;0,5108451068077474;0,45313486700743183;0,24214723443010758;0,3219431303895763;0,327736367728137;0,30823046278228483;0,24308837956231705;0,31653063045501306;0,31011223682830735;0,30743967552017487
321;0,26248214508905954;0,4785733157839367;0,48040379456823956;0,4647944057808491;0,22004342690302175;0,33757706625788436;0,29736401039036364;0,30744885347626183;0,24109996773651313;0,3294357057818441;0,3079733836928415;0,3102653169764794
322;0,3320849143128072;0,5059367679118395;0,5373663310294312;0,6439919484172747;0,23477244883265533;0,33489730468931866;0,3109629301089413;0,3302005288697364;0,24003822321528026;0,332410663220314;0,32199520476524246;0,32611270344195564
323;0,3251951776611331;0,36865154599494016;0,47509402010291824;0,4219874475778298;0,23892577244406635;0,32915236509182866;0,325876545420048;0,34649931459283906;0,23774009618874214;0,329337811098218;0,320557560329148;0,34093420148674475
324;0,3654941863022037;0,38752045383938283;0,4152932985931104;0,4287415432987969;0,2586676576207546;0,31962442659118956;0,36153306306981325;0,3443603332208398;0,25807656949711594;0,31744822569898623;0,3562389306459056;0,34654349924109207
325;0,3797429358384779;0,24781173264396772;0,24568120442383373;0,22714222375318907;0,29599342198880224;0,33335867245142875;0,3472589920850052;0,37332891732305273;0,2915817925944117;0,33177039582022966;0,3450400296751415;0,36810918756058264
326;0,41085595674304093;0,24653774647196372;0,3364404844406292;0,24282065822362206;0,297320306320346;0,3105142746603409;0,33272153685076383;0,33846994497465854;0,2970818877118374;0,3125191615592478;0,33162553696174174;0,3436473996564889
327;0,4636402611937775;0,3087670444543545;0,367454012785088;0,29650314662270244;0,3254992754111417;0,27733851662856457;0,3424383761083727;0,32312142745269445;0,32061475897203023;0,28478002572241967;0,34568041474505695;0,3236352917633064
328;0,39925547650944276;0,32135249296817814;0,4416414615293357;0,31746120333227845;0,3646884027007094;0,2776588695357951;0,3352562569692784;0,3056158975927508;0,3610135493724471;0,2906839944581273;0,34862078020482695;0,3134723850757989
329;0,3942154528266507;0,4165050816809593;0,5730389792186781;0,4332441453109356;0,37141289166337477;0,2882459739864156;0,4095370906351992;0,301236981630963;0,36521911647185173;0,2908968756601702;0,4020991623787017;0,3017680328998223
330;0,30673617517004315;0,39741715445441045;0,5922645563239747;0,3821824599547129;0,35150315682450994;0,30674973063756417;0,3948435371321801;0,32465025826962857;0,33649274580238775;0,3043698026890409;0,3948334347301462;0,32410663615452656
331;0,2124012340913427;0,3860667350893738;0,4792340180162481;0,3435880932671818;0,28199637649148784;0,31213492553687777;0,4170237885504449;0,32615919899736817;0,2912626144385537;0,30889761268320304;0,4170034131091379;0,32328883614721493
